Plate ID,Date,RA_CTR,DEC_CTR,Dec_delta_x,Dec_delta_y,RA_delta_x,RA_delta_y,crpix1,crpix2,naxis1,naxis2,Year,Cluster
a04202, 1900-01-03T04:06:14.4Z,56.089261,-57.476376, -0.000182022, 3.18526e-06, 3.12108e-06, 0.000182008,18183.8017,15404.983, 35268, 31627,1900,-1
a04203, 1900-01-03T04:32:09.6Z,51.018025,-57.346575, -0.000182055, 3.59754e-06, 3.53832e-06, 0.000181995,18670.9422,15922.9752, 35268, 31627,1900,-1
a04205, 1900-02-21T02:06:43.2Z,72.993105,-62.424184, -0.000181995, 3.37465e-06, 3.30195e-06, 0.000181984,19151.8778,14404.9385, 38243, 31327,1900,-1
a04206, 1900-02-21T03:21:36Z,95.724232,-62.491732, -0.000181989, 2.74348e-06, 2.67646e-06, 0.000181993,18584.0584,15801.3155, 38243, 31327,1900,-1
a04207, 1900-02-21T04:33:36Z,110.343624,-62.819617, -0.000181935, 6.0891e-06, 6.00974e-06, 0.000181924,18547.618,15023.7892, 35268, 31627,1900,-1
a04208, 1900-02-22T01:00:28.8Z,53.513633,-42.135971, -0.000182003, 2.77189e-06, 2.72791e-06, 0.000181972,18251.3081,15019.2418, 35268, 31627,1900,-1
a04209, 1900-02-22T02:12:28.8Z,68.954969,-42.554756, -0.000182152, -5.69454e-07, -4.20822e-07, 0.000181747,16492.4982,13374.6761, 35268, 31627,1900,-1
a04210, 1900-02-22T03:00:00Z,98.447518,-42.480528, -0.000182004, 2.1616e-06, 2.13011e-06, 0.000181997,18195.4081,15325.3979, 35268, 31627,1900,-1
a04211, 1900-02-22T03:15:50.4Z,98.277335,-42.549993, -0.000182029, 1.18566e-06, 1.15514e-06, 0.000182016,18726.581,14935.1574, 35268, 31627,1900,-1
a04212, 1900-02-22T03:28:48Z,98.422426,-42.449169, -0.000182038, 1.74639e-06, 1.71047e-06, 0.000182022,18232.2177,15523.9144, 35268, 31627,1900,-1
a04213, 1900-02-22T03:57:36Z,108.41973,-42.637522, -0.000182017, 2.46984e-06, 2.43577e-06, 0.000182004,18502.9489,14560.5067, 35268, 31627,1900,-1
a04214, 1900-02-24T02:06:43.2Z,80.250722,-62.693957, -0.000181964, 3.91281e-06, 3.85234e-06, 0.000181968,19241.0645,14271.2109, 38243, 31327,1900,-1
a04216, 1900-02-24T04:19:12Z,118.664424,-27.815857, -0.00018199, -3.81025e-07, -4.01847e-07, 0.000181972,17607.9199,15246.5274, 35268, 31627,1900,-1
a04217, 1900-02-25T00:50:24Z,58.661363,-17.164013, -0.000181971, -2.01364e-06, -2.02208e-06, 0.000181946,18024.469,15697.5021, 35268, 31627,1900,-1
a04218, 1900-02-25T02:03:50.4Z,73.622412,-17.36219, -0.000182006, 7.81255e-07, 7.7176e-07, 0.000181972,18055.9017,15282.8072, 35268, 31627,1900,-1
a04219, 1900-02-25T03:11:31.2Z,88.596312,-17.469065, -0.000182006, -1.05631e-06, -1.06386e-06, 0.000181975,18189.0821,14860.8842, 35268, 31627,1900,-1
a04220, 1900-02-25T04:19:12Z,108.568796,-17.628737, -0.000182002, -2.10484e-07, -2.13931e-07, 0.000181969,18414.907,15461.5672, 35268, 31627,1900,-1
a04221, 1900-02-27T01:50:52.8Z,64.388708,-12.430139, -0.000182025, -1.63515e-06, -1.63129e-06, 0.00018197,18026.9039,14901.4136, 35268, 31627,1900,-1
a04222, 1900-02-27T03:14:24Z,84.273658,-12.536792, -0.000182024, 1.47381e-06, 1.47954e-06, 0.00018196,18101.4279,15626.4077, 35268, 31627,1900,-1
a04223, 1900-02-27T04:27:50.4Z,113.752578,-52.889242, -0.000182017, 1.32157e-06, 1.26725e-06, 0.000181992,18073.0254,15122.0022, 35268, 31627,1900,-1
a04224, 1900-02-28T04:07:40.8Z,103.655511,-47.660102, -0.000182012, 2.5509e-06, 2.49912e-06, 0.000181971,17806.3055,14983.5213, 35268, 31627,1900,-1
a04225, 1900-03-02T04:03:21.6Z,116.118477,-67.910144, -0.000182032, 2.70274e-06, 2.60738e-06, 0.000182042,17688.2157,14761.2533, 35268, 31627,1900,-1
a04226, 1900-03-02T06:36:00Z,149.457637,-48.39924, -0.000182025, -3.91818e-07, -4.40068e-07, 0.000182002,17871.9806,15181.1832, 35268, 31627,1900,-1
a04227, 1900-03-03T08:54:14.4Z,184.174439,-33.055784, -0.000182037, -2.38847e-06, -2.41759e-06, 0.000182012,17839.7598,15629.9063, 35268, 31627,1900,-1
a04228, 1900-03-03T09:30:14.4Z,199.781165,-33.076027, -0.000182038, -1.48614e-06, -1.51264e-06, 0.000182016,17857.4374,15477.6871, 35268, 31627,1900,-1
a04229, 1900-03-04T06:27:21.6Z,153.979413,-37.906889, -0.000182011, -2.3035e-08, -5.8334e-08, 0.00018199,18372.6668,14887.5062, 35268, 31627,1900,-1
a04230, 1900-03-11T00:30:14.4Z,133.748372,-63.358313, -0.000182032, 4.04292e-07, 4.43995e-07, 0.000182043,18347.913,14754.979, 35268, 31627,1900,-1
a04231, 1900-03-11T02:15:21.6Z,110.983142,-63.128539, -0.000181969, 4.16941e-06, 4.11633e-06, 0.000181999,19068.1033,15020.8485, 35268, 31627,1900,-1
a04232, 1900-03-11T02:38:24Z,89.405415,-32.630558, -0.00018202, 2.60423e-06, 2.5797e-06, 0.000181976,17937.5246,15680.0228, 35268, 31627,1900,-1
a04233, 1900-03-11T02:54:14.4Z,99.251005,-32.894876, -0.00018204, 5.76435e-07, 5.5008e-07, 0.000182009,18782.7002,15022.6606, 35268, 31627,1900,-1
a04234, 1900-03-11T03:17:16.8Z,109.264333,-32.935664, -0.000182002, 2.6077e-06, 2.58438e-06, 0.000181977,18364.1994,15306.3761, 35268, 31627,1900,-1
a04235, 1900-03-11T03:33:07.2Z,119.277048,-33.009712, -0.000182011, -4.48477e-07, -4.77379e-07, 0.000181995,18338.2458,15252.4695, 35268, 31627,1900,-1
a04236, 1900-03-11T03:54:43.2Z,114.031857,-42.806539, -0.000182044, 3.75528e-07, 3.42006e-07, 0.00018201,18446.972,15532.9695, 35268, 31627,1900,-1
a04237, 1900-03-11T04:12:00Z,108.802644,-52.59176, -0.000182078, 1.53282e-06, 1.46444e-06, 0.000182016,18970.4473,15101.0494, 35268, 31627,1900,-1
a04238, 1900-03-20T01:13:26.4Z,88.689382,-57.885106, -0.000182012, 2.39427e-06, 2.33047e-06, 0.000181994,18339.1429,14708.1151, 35268, 31627,1900,-1
a04240, 1900-03-22T01:23:31.2Z,144.648691,-38.209033, -0.000181982, 6.64779e-07, 6.56414e-07, 0.000181979,17759.2711,14727.904, 35268, 31627,1900,-1
a04241, 1900-03-22T02:44:09.6Z,99.450218,-37.77948, -0.000182033, 1.26852e-06, 1.23322e-06, 0.000181979,17961.1318,14743.8664, 35268, 31627,1900,-1
a04242, 1900-03-22T03:53:16.8Z,134.664995,-38.076438, -0.000181977, 2.28824e-06, 2.25876e-06, 0.00018196,17740.1397,15418.9693, 35268, 31627,1900,-1
a04243, 1900-03-22T05:54:14.4Z,164.569957,-37.863733, -0.000182031, -1.66713e-06, -1.70055e-06, 0.000182014,18353.5258,15508.4906, 35268, 31627,1900,-1
a04244, 1900-03-22T06:25:55.2Z,174.8368,11.943957, -0.000182013, -6.58641e-07, -6.37658e-07, 0.000182003,18250.3955,15579.5091, 35268, 31627,1900,-1
a04245, 1900-03-22T06:50:24Z,184.682086,11.893442, -0.000181995, -2.9798e-06, -2.96441e-06, 0.000182,18844.757,15332.3269, 35268, 31627,1900,-1
a04246, 1900-03-22T07:23:31.2Z,199.755613,11.925088, -0.000182021, -1.3222e-06, -1.31221e-06, 0.00018202,18921.9573,15491.8094, 35268, 31627,1900,-1
a04247, 1900-03-22T07:52:19.2Z,209.721665,11.95084, -0.000182014, -1.85665e-06, -1.8555e-06, 0.000182017,18134.2301,15412.2661, 35268, 31627,1900,-1
a04248, 1900-03-27T02:45:36Z,142.784572,-57.677113, -0.000181875, -1.07461e-07, -3.25212e-07, 0.000181945,19157.5887,15366.4088, 35268, 31627,1900,-1
a04249, 1900-03-27T06:20:09.6Z,169.479931,-38.101138, -0.00018202, -1.42824e-06, -1.45983e-06, 0.000181988,17954.5661,15161.0526, 35268, 31627,1900,-1
a04250, 1900-03-27T08:09:36Z,189.487107,12.02653, -0.000182091, -5.08392e-07, -4.54032e-07, 0.000182042,19074.8083,16034.2277, 35268, 31627,1900,-1
a04251, 1900-03-27T08:36:57.6Z,199.377802,11.96954, -0.000182027, -2.77976e-06, -2.7426e-06, 0.000182009,18983.0878,14899.704, 35268, 31627,1900,-1
a04252, 1900-03-28T03:18:43.2Z,141.570296,-58.261159, -0.000182003, 8.8381e-07, 8.31273e-07, 0.000182017,17947.6656,14910.2066, 35268, 31627,1900,-1
a04253, 1900-03-29T00:51:50.4Z,88.666909,-12.770183, -0.000182014, 1.15969e-06, 1.16382e-06, 0.000181983,18592.7349,14924.6558, 35268, 31627,1900,-1
a04254, 1900-03-29T01:43:40.8Z,140.777563,-58.367678, -0.000181961, 1.95221e-06, 1.93072e-06, 0.000181981,18312.6858,14578.5399, 35268, 31627,1900,-1
a04255, 1900-03-29T03:02:52.8Z,133.435352,-58.211937, -0.000181982, 2.50011e-06, 2.44608e-06, 0.000181988,17558.7553,15210.3598, 35268, 31627,1900,-1
a04256, 1900-03-29T04:01:55.2Z,148.3884,-58.391539, -0.000182011, 1.84622e-06, 1.79237e-06, 0.000182014,18569.0521,14549.1294, 35268, 31627,1900,-1
a04257, 1900-03-30T02:00:57.6Z,133.621552,-58.208258, -0.000181972, 1.22847e-06, 1.19065e-06, 0.000181976,18297.9296,14335.989, 35268, 31627,1900,-1
a04258, 1900-03-30T08:26:52.8Z,199.00296,12.04225, -0.000182054, -4.18764e-07, -3.66789e-07, 0.000182018,18546.7228,15531.0074, 35268, 31627,1900,-1
a04259, 1900-03-31T02:13:55.2Z,118.601543,-57.945128, -0.000181997, 2.09933e-06, 2.0335e-06, 0.000181973,16837.1156,15207.2933, 35268, 31627,1900,-1
a04260, 1900-03-31T06:36:00Z,189.319278,-32.846772, -0.000182008, -1.02069e-06, -1.04185e-06, 0.000181998,17730.7819,15991.3277, 35268, 31627,1900,-1
a04261, 1900-04-01T01:42:14.4Z,118.183552,-57.996238, -0.000182001, 1.57963e-06, 1.52195e-06, 0.000182005,18852.5027,14837.2894, 35268, 31627,1900,-1
a04262, 1900-04-01T02:55:40.8Z,125.637655,-58.083944, -0.000181996, 1.85601e-06, 1.79094e-06, 0.000181979,19042.059,14650.6371, 35268, 31627,1900,-1
a04263, 1900-04-01T04:12:00Z,156.092631,-58.302849, -0.000181986, 4.55072e-07, 4.01235e-07, 0.000181995,17951.1864,14155.9652, 35268, 31627,1900,-1
a04264, 1900-04-01T06:40:19.2Z,183.798325,-43.076819, -0.000182017, 2.07365e-07, 1.71814e-07, 0.000182,19104.0026,14960.6134, 35268, 31627,1900,-1
a04265, 1900-04-03T02:24:00Z,125.704895,-58.392637, -0.000181962, 3.16509e-06, 3.13264e-06, 0.000181954,18827.8147,13596.9355, 35268, 31627,1900,-1
a04266, 1900-04-04T02:55:40.8Z,149.046037,-58.136437, -0.000181975, 1.17711e-06, 1.12991e-06, 0.000181984,17742.3032,15168.1409, 35268, 31627,1900,-1
a04267, 1900-04-05T02:41:16.8Z,149.256525,-58.095451, -0.00018199, 1.09472e-06, 1.05534e-06, 0.000182008,18222.6419,15613.9218, 35268, 31627,1900,-1
a04268, 1900-04-05T04:03:21.6Z,173.904541,-43.545152, -0.000181992, -8.77373e-07, -9.00076e-07, 0.000181992,18153.1915,14469.3994, 35268, 31627,1900,-1
a04269, 1900-04-05T06:12:57.6Z,188.990087,-43.472132, -0.000181999, -1.91597e-06, -1.95252e-06, 0.000181991,18200.679,14665.4303, 35268, 31627,1900,-1
a04270, 1900-04-05T07:55:12Z,213.87441,-23.123484, -0.000182029, -2.91214e-06, -2.93341e-06, 0.000182019,18822.5976,14442.1011, 35268, 31627,1900,-1
a04271, 1900-04-06T00:57:36Z,179.300013,-38.175318, -0.000182023, -1.09858e-06, -1.09738e-06, 0.000181997,17403.0346,14530.2412, 35268, 31627,1900,-1
a04272, 1900-04-07T00:27:21.6Z,88.67667,-32.537799, -0.000181995, 1.14256e-06, 1.11086e-06, 0.000181958,18126.1037,14897.7541, 35268, 31627,1900,-1
a04273, 1900-04-07T01:36:28.8Z,113.688982,-32.824049, -0.00018199, 1.4121e-08, -1.2536e-08, 0.000181965,18262.6825,14932.9286, 35268, 31627,1900,-1
a04274, 1900-04-07T02:47:02.4Z,128.789813,-32.894563, -0.000181993, 1.98459e-06, 1.95535e-06, 0.000181968,18015.9807,15229.4657, 35268, 31627,1900,-1
a04275, 1900-04-07T04:06:14.4Z,214.436766,-33.009175, -0.000181982, -2.79326e-06, -2.80102e-06, 0.000181976,17856.2856,15057.0631, 35268, 31627,1900,-1
a04276, 1900-04-08T00:23:02.4Z,95.580761,-57.739076, -0.000181986, 2.15744e-06, 2.10019e-06, 0.00018197,18173.621,14918.6302, 35268, 31627,1900,-1
a04277, 1900-04-08T02:49:55.2Z,153.765015,-33.352419, -0.000181978, 6.34623e-07, 6.15265e-07, 0.00018197,18418.3312,14742.9487, 35268, 31627,1900,-1
a04278, 1900-04-08T04:04:48Z,166.108021,-68.523962, -0.000181999, 9.32128e-07, 8.67518e-07, 0.000182034,18129.3532,14635.0325, 35268, 31627,1900,-1
a04279, 1900-04-10T00:08:38.4Z,78.668052,-22.700707, -0.000182035, 2.18233e-06, 2.17601e-06, 0.000181979,18198.0503,15298.9778, 35268, 31627,1900,-1
a04280, 1900-04-10T00:30:14.4Z,88.661066,-22.823073, -0.000182021, 9.83041e-07, 9.66798e-07, 0.000181977,18333.7528,15094.7229, 35268, 31627,1900,-1
a04281, 1900-04-10T00:50:24Z,98.620992,-22.963996, -0.000182027, 1.16914e-06, 1.16003e-06, 0.000181997,18272.1726,14955.9847, 35268, 31627,1900,-1
a04282, 1900-04-10T01:03:21.6Z,108.809892,-23.010849, -0.000182004, -6.83462e-07, -6.93208e-07, 0.00018198,17545.0703,15446.6771, 35268, 31627,1900,-1
a04283, 1900-04-10T01:23:31.2Z,103.740246,-27.482167, -0.000182022, 2.48252e-06, 2.45907e-06, 0.000181984,17505.0601,15925.5178, 35268, 31627,1900,-1
a04284, 1900-04-10T01:37:55.2Z,103.336615,-37.72257, -0.000182037, 4.11516e-07, 3.76528e-07, 0.00018199,18756.4416,14633.9276, 35268, 31627,1900,-1
a04285, 1900-04-10T02:22:33.6Z,118.595046,-37.704296, -0.000182025, -4.83677e-07, -5.13417e-07, 0.000181999,17958.08,15348.8779, 35268, 31627,1900,-1
a04286, 1900-04-10T02:39:50.4Z,138.570914,-37.991116, -0.000182004, 1.882e-07, 1.55627e-07, 0.000181994,18430.2571,14989.9453, 35268, 31627,1900,-1
a04287, 1900-04-10T03:04:19.2Z,123.765654,-18.024234, -0.00018203, 2.03235e-06, 2.03131e-06, 0.000181979,18003.5605,15220.7299, 35268, 31627,1900,-1
a04288, 1900-04-10T03:18:43.2Z,133.87273,-18.070785, -0.000182032, -4.63341e-07, -4.72487e-07, 0.000181997,18029.3326,15509.8663, 35268, 31627,1900,-1
a04289, 1900-04-10T03:41:45.6Z,143.857117,-18.173767, -0.000182021, 3.36908e-07, 3.26452e-07, 0.000181992,17781.7307,15261.4431, 35268, 31627,1900,-1
a04290, 1900-04-10T03:57:36Z,153.806689,-18.238711, -0.000182005, -7.86631e-07, -8.04624e-07, 0.000181985,18255.7161,15382.3415, 35268, 31627,1900,-1
a04291, 1900-04-10T04:22:04.8Z,163.892368,-18.296626, -0.000181997, 3.37437e-07, 3.25388e-07, 0.000181979,18135.0329,15082.7212, 35268, 31627,1900,-1
a04292, 1900-04-10T04:39:21.6Z,178.985201,-18.275005, -0.000181991, 5.8141e-08, 3.9138e-08, 0.000181985,17922.4768,15559.1027, 35268, 31627,1900,-1
a04293, 1900-04-11T08:28:19.2Z,277.400129,-23.08363, -0.00018199, -1.87997e-06, -1.88917e-06, 0.00018197,17203.154,14723.9888, 35268, 31627,1900,0
a04294, 1900-04-11T09:53:16.8Z,337.062941,-9.133993, -0.000182087, -1.85086e-06, -1.90844e-06, 0.00018199,17324.3409,15350.4654, 35268, 31627,1900,-1
a04295, 1900-04-12T07:12:00Z,259.193934,-12.802744, -0.000182029, -1.34237e-06, -1.35443e-06, 0.000182019,17402.3757,14963.3839, 35268, 31627,1900,-1
a04296, 1900-04-12T07:29:16.8Z,269.211188,-12.657178, -0.000181989, -3.71269e-06, -3.7314e-06, 0.000181968,17823.6459,15256.257, 35268, 31627,1900,-1
a04297, 1900-04-12T08:54:14.4Z,277.459448,-22.988752, -0.000181972, -2.54939e-06, -2.56142e-06, 0.000181952,16887.7695,15687.8602, 35268, 31627,1900,0
a04298, 1900-04-18T00:23:02.4Z,115.186893,-68.011677, -0.000181986, 2.60263e-06, 2.52109e-06, 0.000182007,17882.5023,14475.3827, 35268, 31627,1900,-1
a04299, 1900-04-18T01:33:36Z,123.679174,-32.954257, -0.000181977, 4.06723e-07, 3.81566e-07, 0.00018195,17612.473,15079.3604, 35268, 31627,1900,-1
a04300, 1900-04-18T08:58:33.6Z,338.012561,-7.476508, -0.000160689, -8.60694e-05, -8.60207e-05, 0.000160459,17890.8426,11066.5785, 21953, 17493,1900,-1
a04301, 1900-04-18T09:34:33.6Z,339.083844,-6.959604, -0.000160657, -8.57638e-05, -8.58029e-05, 0.000160567,11713.0221,10625.1234, 21953, 17493,1900,-1
a04302, 1900-04-18T10:06:14.4Z,339.353558,-7.871835, -0.000159892, -8.70616e-05, -8.69842e-05, 0.000159868,12671.0962,6024.9145, 21953, 17402,1900,-1
a04303, 1900-04-19T00:33:07.2Z,98.346359,-32.77772, -0.000182009, 1.23657e-06, 1.21224e-06, 0.000181966,18044.0036,14820.1952, 35268, 31627,1900,-1
a04304, 1900-04-19T08:44:09.6Z,339.990512,-7.074217, -0.00016137, -8.48162e-05, -8.48624e-05, 0.000161064,11577.4242,9222.7923, 21953, 17493,1900,-1
a04305, 1900-04-19T09:34:33.6Z,339.854993,-7.25443, -0.000161744, -8.42501e-05, -8.43204e-05, 0.000161365,12673.4395,8969.2964, 21953, 17493,1900,-1
a04306, 1900-04-20T00:24:28.8Z,93.750207,-22.657909, -0.000182008, 8.83366e-07, 8.77121e-07, 0.000181947,17961.8301,15394.0208, 35268, 31627,1900,-1
a04307, 1900-04-20T01:32:09.6Z,113.669353,-22.94959, -0.000181992, 2.1903e-06, 2.17104e-06, 0.000181941,18181.3297,14919.9607, 35268, 31627,1900,-1
a04308, 1900-04-20T02:39:50.4Z,128.725812,-23.054634, -0.000182014, 3.96761e-07, 3.83904e-07, 0.000181961,17885.9408,14636.2848, 35268, 31627,1900,-1
a04309, 1900-04-20T03:46:04.8Z,138.668101,-23.099459, -0.000182038, 1.57948e-07, 1.5139e-07, 0.00018196,18141.441,14945.6035, 35268, 31627,1900,-1
a04310, 1900-04-21T00:28:48Z,98.364229,-27.617178, -0.000182017, 1.46388e-06, 1.44693e-06, 0.000181968,18218.6223,15058.4645, 35268, 31627,1900,-1
a04311, 1900-04-21T01:39:21.6Z,118.388895,-27.739238, -0.000182002, -6.33109e-07, -6.52236e-07, 0.000181956,17650.8502,15384.3348, 35268, 31627,1900,-1
a04312, 1900-04-21T02:48:28.8Z,138.340335,-28.04758, -0.000182008, 1.10848e-07, 8.3809e-08, 0.000181969,18529.114,14595.3278, 35268, 31627,1900,-1
a04313, 1900-04-21T03:56:07.1Z,148.404669,-33.025331, -0.00018203, -1.32718e-07, -1.64457e-07, 0.000181981,18265.4466,15157.513, 35268, 31627,1900,-1
a04314, 1900-04-21T06:17:16.8Z,183.382707,-13.335655, -0.000182045, -1.7306e-06, -1.72088e-06, 0.000181989,18531.2342,15119.509, 35268, 31627,1900,-1
a04315, 1900-04-21T06:33:07.2Z,193.482673,-13.318257, -0.000181987, -3.11407e-06, -3.11831e-06, 0.00018196,18426.7159,15026.1306, 35268, 31627,1900,-1
a04316, 1900-04-21T07:09:07.2Z,213.819179,-28.328467, -0.000182017, -1.5297e-06, -1.55131e-06, 0.000181995,18632.368,15265.6473, 35268, 31627,1900,-1
a04317, 1900-04-21T07:35:02.4Z,218.781919,-12.839818, -0.00018201, -2.07337e-06, -2.08314e-06, 0.000181992,18447.0358,14940.9324, 35268, 31627,1900,-1
a04318, 1900-04-21T08:00:57.6Z,233.606975,-8.012118, -0.000181987, -3.60072e-06, -3.60305e-06, 0.000181977,18192.4107,15268.0331, 35268, 31627,1900,-1
a04319, 1900-04-21T08:25:26.4Z,228.812763,-27.802596, -0.000182016, -1.3072e-06, -1.32524e-06, 0.000181991,18020.3211,15630.092, 35268, 31627,1900,-1
a04320, 1900-04-22T01:53:45.6Z,155.933289,-58.335208, -0.000181949, 4.73211e-07, 4.34116e-07, 0.000181978,17750.7871,14834.1601, 35268, 31627,1900,-1
a04321, 1900-04-22T06:20:09.6Z,203.693092,22.250229, -0.000181985, -1.98554e-06, -1.94767e-06, 0.000181982,17832.8821,15096.6203, 35268, 31627,1900,-1
a04322, 1900-04-22T07:53:45.6Z,228.517827,22.378191, -0.000181985, -3.77738e-06, -3.74418e-06, 0.000181984,18833.5711,15009.3114, 35268, 31627,1900,-1
a04323, 1900-04-24T00:50:24Z,108.808604,-22.706963, -0.000182003, -7.17361e-07, -7.34377e-07, 0.000181961,18594.2556,14494.5802, 35268, 31627,1900,-1
a04324, 1900-04-24T02:15:21.6Z,123.630081,-42.954068, -0.000182035, 6.47259e-07, 6.27764e-07, 0.000181971,18414.8629,15472.714, 35268, 31627,1900,-1
a04325, 1900-04-24T08:06:43.2Z,224.272982,-12.643012, -0.000181993, -3.27793e-06, -3.28352e-06, 0.000181949,18454.6389,15510.7841, 35268, 31627,1900,-1
a04326, 1900-04-25T00:11:31.2Z,113.037574,-47.842564, -0.000182019, 1.00694e-06, 9.61927e-07, 0.000182006,18443.7656,14268.3419, 35268, 31627,1900,-1
a04327, 1900-04-25T00:44:38.4Z,168.617011,-48.092184, -0.000181999, -1.14024e-06, -1.14151e-06, 0.000182001,17871.7948,14850.6493, 35268, 31627,1900,-1
a04328, 1900-04-27T00:23:02.4Z,108.048032,-52.913646, -0.000182009, 1.58073e-06, 1.52021e-06, 0.000181974,18778.6013,14454.0803, 35268, 31627,1900,-1
a04330, 1900-04-27T03:30:14.4Z,158.841512,-42.999615, -0.000182, 6.43076e-07, 6.03649e-07, 0.000181974,18087.2083,15725.1113, 35268, 31627,1900,-1
a04331, 1900-04-27T06:18:43.2Z,277.327845,-22.909702, -0.00018201, -1.56214e-06, -1.57226e-06, 0.000181973,17611.8938,15211.0934, 35268, 31627,1900,0
a04332, 1900-04-27T08:11:02.4Z,345.913035,-3.701953, -0.00018268, -1.1748e-06, -1.56891e-06, 0.000182079,15008.2409,17774.3587, 35268, 31627,1900,-1
a04333, 1900-04-27T09:21:36Z,342.080848,-4.039978, -0.000160834, -8.59228e-05, -8.58838e-05, 0.000160715,16191.0594,18641.1882, 21953, 17402,1900,-1
a04334, 1900-04-27T10:07:40.8Z,342.79927,-5.769762, -0.000160667, -8.57774e-05, -8.58216e-05, 0.000160593,17235.6034,8403.3067, 21953, 17493,1900,-1
a04335, 1900-04-28T01:04:48Z,118.310018,-47.60094, -0.000182, 1.36643e-06, 1.31614e-06, 0.000181966,18173.1283,15602.6099, 35268, 31627,1900,-1
a04336, 1900-04-28T02:34:04.8Z,143.653235,-33.180101, -0.00018201, 7.43106e-07, 7.17432e-07, 0.000181978,18160.3765,14899.9554, 35268, 31627,1900,-1
a04337, 1900-04-28T03:41:45.6Z,178.985812,-63.244502, -0.000182027, -1.53031e-06, -1.59087e-06, 0.000182038,18004.2023,14758.0322, 35268, 31627,1900,-1
a04338, 1900-04-28T09:44:38.4Z,344.186556,-4.088557, -0.000160892, -8.53144e-05, -8.53185e-05, 0.000160838,10957.3836,11475.243, 21953, 17493,1900,-1
a04339, 1900-05-01T04:17:45.6Z,194.199173,-63.286467, -0.000181986, -1.77722e-06, -1.83109e-06, 0.000182008,18511.7661,14478.1737, 35268, 31627,1900,-1
a04340, 1900-05-01T07:07:40.8Z,277.295553,-22.702513, -0.000181981, -3.29989e-06, -3.31091e-06, 0.000181956,17012.7123,15361.4979, 35268, 31627,1900,0
a04341, 1900-05-01T09:15:50.4Z,345.4079,-4.103581, -0.000157667, -9.12306e-05, -9.11852e-05, 0.000157538,12007.0517,9782.265, 21953, 17402,1900,-1
a04342, 1900-05-02T01:59:31.2Z,153.67172,-33.096739, -0.00018197, 1.29282e-06, 1.26869e-06, 0.000181947,17903.756,15001.4848, 35268, 31627,1900,-1
a04343, 1900-05-02T06:20:09.6Z,214.178539,-43.352485, -0.000181991, -2.45297e-06, -2.49142e-06, 0.000181975,17790.7501,14819.8904, 35268, 31627,1900,-1
a04379, 1900-05-09T06:25:55.2Z,277.339707,-21.901173, -0.000181631, -1.33427e-05, -1.34063e-05, 0.00018157,6346.3089,13525.1863, 21953, 17493,1900,0
a04380, 1900-05-09T08:09:36Z,277.063298,-23.181508, -0.000181583, -1.28398e-05, -1.28974e-05, 0.000181563,8210.785,6503.076, 21953, 17402,1900,0
a04381, 1900-05-10T02:28:19.2Z,143.157149,-32.995997, -0.000182049, 2.7427e-08, 9.612e-09, 0.000181995,18134.3141,15017.875, 35268, 31627,1900,-1
a04382, 1900-05-18T00:20:09.6Z,117.942783,-42.715797, -0.000182025, 2.18779e-06, 2.15111e-06, 0.000181966,18387.1413,15016.9105, 35268, 31627,1900,-1
a04383, 1900-05-18T01:27:50.4Z,133.282488,-18.049318, -0.000182041, -2.3356e-07, -2.26099e-07, 0.000181968,18230.9489,15544.0907, 35268, 31627,1900,-1
a04384, 1900-05-18T02:39:50.4Z,153.307535,-18.186296, -0.000182013, 3.14335e-07, 3.13867e-07, 0.000181955,17744.9665,15252.7567, 35268, 31627,1900,-1
a04385, 1900-05-18T03:25:55.2Z,183.40469,-23.045661, -0.000182003, -1.77044e-06, -1.78658e-06, 0.000181973,18063.6118,15349.4585, 35268, 31627,1900,-1
a04386, 1900-05-18T03:41:45.6Z,188.524095,-18.223753, -0.000181973, -1.93921e-06, -1.94455e-06, 0.000181958,17784.1927,16231.3829, 35268, 31627,1900,-1
a04387, 1900-05-18T04:04:48Z,188.556121,-2.871966, -0.000182011, -4.59634e-07, -4.58278e-07, 0.000181985,17296.2394,15870.2855, 35268, 31627,1900,-1
a04388, 1900-05-18T04:17:45.6Z,198.378594,-3.002861, -0.00018197, -1.81632e-06, -1.82914e-06, 0.000181963,18127.3018,14918.6215, 35268, 31627,1900,-1
a04389, 1900-05-19T01:17:45.6Z,138.355468,-13.160438, -0.000182023, -1.08007e-07, -9.4227e-08, 0.000181959,17657.0249,14750.6113, 35268, 31627,1900,-1
a04390, 1900-05-19T02:58:33.6Z,173.555626,-13.276515, -0.000181983, -9.98384e-07, -1.0135e-06, 0.000181954,17073.3705,15375.5063, 35268, 31627,1900,-1
a04391, 1900-05-19T04:09:07.2Z,194.261454,-12.493606, -0.000181865, -2.09637e-06, -1.98101e-06, 0.000181982,13124.5519,18832.3344, 35268, 31627,1900,-1
a04392, 1900-05-20T00:05:45.6Z,128.693108,-13.027655, -0.000181991, -4.58454e-07, -4.6297e-07, 0.000181955,17641.6148,15361.7614, 35268, 31627,1900,-1
a04393, 1900-05-20T01:14:52.8Z,143.567771,-13.291026, -0.000182002, -9.948e-08, -9.9152e-08, 0.00018196,18153.9372,14426.9254, 35268, 31627,1900,-1
a04394, 1900-05-20T02:21:07.2Z,163.779115,-13.109007, -0.000181984, -7.54425e-07, -7.58344e-07, 0.000181951,17280.2201,15958.7865, 35268, 31627,1900,-1
a04395, 1900-05-20T03:27:21.6Z,178.712278,-13.389176, -0.000181987, -8.57524e-07, -8.56184e-07, 0.00018195,17780.3307,14252.6647, 35268, 31627,1900,-1
a04396, 1900-05-21T01:06:14.4Z,148.549891,-48.180511, -0.000181995, 3.47212e-07, 3.02299e-07, 0.000181973,17567.7782,15242.2474, 35268, 31627,1900,-1
a04397, 1900-05-22T01:55:12Z,226.820162,-88.881866, -0.000130973, 0.000126646, 0.000126868, 0.000130895,9401.1346,21953.2235, 31627, 35268,1900,-1
a04398, 1900-05-23T01:32:09.6Z,182.150761,-78.515035, -0.000181986, -2.96982e-06, -3.04089e-06, 0.000182069,15988.9791,14364.7365, 35268, 31627,1900,-1
a04399, 1900-05-23T04:37:55.2Z,276.697016,-23.14626, -0.000181525, -1.4564e-05, -1.45615e-05, 0.000181467,7996.4671,4917.3467, 21953, 17493,1900,0
a04401, 1900-05-25T02:15:21.6Z,186.096984,-68.442738, -0.000181976, -1.35086e-06, -1.41009e-06, 0.000181992,17090.4079,15073.9637, 35268, 31627,1900,-1
a04402, 1900-05-26T02:08:09.6Z,197.622696,-78.384671, -0.000181948, -4.33502e-06, -4.3894e-06, 0.000182034,17853.2382,14491.1721, 35268, 31627,1900,-1
a04403, 1900-05-26T06:08:38.4Z,223.958212,-12.786933, -0.000181993, -2.9442e-06, -2.94818e-06, 0.00018196,18655.0144,15051.0366, 35268, 31627,1900,-1
a04404, 1900-05-26T07:27:50.4Z,244.095039,-12.681497, -0.000181994, -3.33166e-06, -3.33289e-06, 0.000181964,18584.9753,14734.2789, 35268, 31627,1900,-1
a04405, 1900-05-26T08:48:28.8Z,262.458616,-62.780305, -0.000181976, -5.13315e-06, -5.22915e-06, 0.000181939,18320.1516,14892.1251, 35268, 31627,1900,-1
a04406, 1900-05-27T02:13:55.2Z,197.273827,-73.293209, -0.000181956, -3.66249e-06, -3.71418e-06, 0.000182009,17398.9158,14903.7415, 35268, 31627,1900,-1
a04407, 1900-05-28T02:08:09.6Z,197.0342,-68.133081, -0.000181947, -2.95152e-06, -2.99502e-06, 0.000181979,18038.9122,14443.18, 35268, 31627,1900,-1
a04408, 1900-05-29T01:59:31.2Z,201.777192,-63.373346, -0.000181942, -3.16183e-06, -3.18346e-06, 0.00018196,18015.7534,15254.2268, 35268, 31627,1900,-1
a04409, 1900-05-29T05:41:16.8Z,218.811899,-28.394228, -0.000181986, -3.39646e-06, -3.404e-06, 0.000181919,18999.9172,14865.3582, 35268, 31627,1900,-1
a04410, 1900-05-29T06:57:36Z,238.979107,-12.954438, -0.000181979, -3.48122e-06, -3.48551e-06, 0.000181946,18220.8249,15578.1264, 35268, 31627,1900,-1
a04411, 1900-05-29T08:18:14.4Z,264.45061,-47.588315, -0.000181977, -3.83084e-06, -3.87677e-06, 0.000181953,18192.3778,14847.3183, 35268, 31627,1900,-1
a04412, 1900-05-30T02:13:55.2Z,207.112892,-68.354745, -0.000181931, -3.52029e-06, -3.53299e-06, 0.000181954,17481.5191,14870.8278, 35268, 31627,1900,-1
a04413, 1900-05-30T05:48:28.8Z,237.966012,-73.200136, -0.000181904, -6.43535e-06, -6.54097e-06, 0.000181945,17831.0529,14396.8129, 35268, 31627,1900,-1
a04414, 1900-05-30T07:07:40.8Z,238.779835,-8.122524, -0.000182001, -2.77024e-06, -2.76365e-06, 0.00018196,18227.2341,15103.9606, 35268, 31627,1900,-1
a04415, 1900-06-01T02:09:36Z,207.190214,-73.406031, -0.000181936, -4.40907e-06, -4.45086e-06, 0.000181998,17570.3416,13623.8009, 35268, 31627,1900,-1
a04416, 1900-06-01T05:45:36Z,228.774009,-12.694804, -0.000181986, -2.80292e-06, -2.8052e-06, 0.000181956,17880.1745,15137.0077, 35268, 31627,1900,-1
a04417, 1900-06-01T07:06:14.4Z,243.592335,-7.76413, -0.000181999, -2.96459e-06, -2.9625e-06, 0.000181961,18261.757,14945.3378, 35268, 31627,1900,-1
a04418, 1900-06-01T08:22:33.6Z,263.750665,-2.682254, -0.000182002, -3.41187e-06, -3.41362e-06, 0.000181972,18790.8274,14424.6388, 35268, 31627,1900,-1
a04419, 1900-06-02T00:24:28.8Z,186.617423,-68.319674, -0.00018196, -2.52219e-06, -2.53618e-06, 0.000182008,17577.7316,14547.5576, 35268, 31627,1900,-1
a04420, 1900-06-02T01:36:28.8Z,196.598503,-68.33578, -0.00018197, -2.19526e-06, -2.22998e-06, 0.00018202,17868.5515,14333.9471, 35268, 31627,1900,-1
a04422, 1900-06-02T04:29:16.8Z,275.133012,-22.967026, -0.000181488, -1.39758e-05, -1.39819e-05, 0.000181469,11546.7036,6052.6282, 21953, 17402,1900,0
a04423, 1900-06-02T06:14:24Z,233.996438,-22.951823, -0.000181992, -2.40404e-06, -2.38445e-06, 0.00018195,16914.9921,15019.333, 35268, 31627,1900,-1
a04424, 1900-06-02T07:40:48Z,258.631122,7.4946, -0.000181976, -3.19439e-06, -3.16506e-06, 0.000181926,17671.1215,16075.0215, 35268, 31627,1900,-1
a04425, 1900-06-02T08:49:55.2Z,279.182796,-37.468493, -0.000181989, -3.30763e-06, -3.3344e-06, 0.000181974,18131.2113,15250.1022, 35268, 31627,1900,-1
a04437, 1900-06-09T01:33:36Z,154.911212,-73.277381, -0.000182131, 2.40669e-06, 2.2548e-06, 0.000182045,18540.662,14569.5289, 35268, 31627,1900,-1
a04438, 1900-06-09T01:55:12Z,158.485224,-18.071002, -0.000182058, -5.46432e-07, -5.39797e-07, 0.00018198,18564.5356,15441.9632, 35268, 31627,1900,-1
a04439, 1900-06-09T02:15:21.6Z,196.817411,-77.813048, -0.000181904, -2.4592e-08, -8.1592e-08, 0.00018204,19590.2238,16780.5067, 35268, 31627,1900,-1
a04440, 1900-06-09T02:32:38.4Z,173.31935,-7.759563, -0.00018198, -1.72682e-06, -1.48753e-06, 0.000181894,19270.4373,17005.6268, 35268, 31627,1900,-1
a04441, 1900-06-09T03:01:26.4Z,204.644188,-83.063899, -0.000181997, -4.54704e-06, -4.74128e-06, 0.000182098,18322.6449,14499.1463, 35268, 31627,1900,-1
a04442, 1900-06-09T03:30:14.4Z,263.567239,2.204957, -0.000181979, -3.9655e-06, -3.99816e-06, 0.000181972,17670.3215,15412.992, 35268, 31627,1900,-1
a04443, 1900-06-09T03:51:50.4Z,283.631781,2.42582, -0.000182, -3.87911e-06, -3.91957e-06, 0.000181976,17368.0138,15370.261, 35268, 31627,1900,-1
a04445, 1900-06-16T00:33:07.2Z,158.595555,-12.973175, -0.000181987, -1.08344e-06, -1.08317e-06, 0.000181952,17546.2853,15426.9381, 35268, 31627,1900,-1
a04446, 1900-06-16T01:33:36Z,183.586266,32.070933, -0.000181919, -2.54175e-06, -2.33063e-06, 0.000182,17231.9817,17744.9646, 35268, 31627,1900,-1
a04449, 1900-06-16T02:25:26.4Z,213.367148,31.723918, -0.000181979, -3.02857e-06, -3.00369e-06, 0.000182017,17838.7714,15485.7613, 35268, 31627,1900,-1
a04450, 1900-06-16T02:47:02.4Z,223.42139,31.791851, -0.000181973, -3.58846e-06, -3.57557e-06, 0.000182014,17445.9105,15493.0245, 35268, 31627,1900,-1
a04451, 1900-06-16T03:02:52.8Z,233.382597,31.858958, -0.000181945, -3.70908e-06, -3.70882e-06, 0.000181989,17575.1368,15262.6115, 35268, 31627,1900,-1
a04452, 1900-06-16T03:23:02.4Z,253.282286,32.037224, -0.000181974, -3.74411e-06, -3.77596e-06, 0.000182019,17553.4743,15396.6867, 35268, 31627,1900,-1
a04454, 1900-06-16T03:57:36Z,273.201506,32.08334, -0.000181995, -3.64812e-06, -3.71196e-06, 0.000182036,18050.7973,14327.5991, 35268, 31627,1900,-1
a04455, 1900-06-16T04:13:26.4Z,267.912664,21.959804, -0.000181996, -1.76486e-06, -1.85562e-06, 0.000181875,20150.2696,12932.1123, 35268, 31627,1900,-1
a04456, 1900-06-16T05:34:04.8Z,263.275578,28.318457, -0.000181978, -3.48406e-06, -3.4687e-06, 0.000182009,17474.0039,15548.8309, 35268, 31627,1900,-1
a04457, 1900-06-16T05:51:21.6Z,273.52875,27.76245, -0.000181989, -3.26436e-06, -3.23091e-06, 0.000181834,17038.332,14726.1811, 35268, 31627,1900,-1
a04458, 1900-06-16T06:08:38.4Z,283.399283,27.973971, -0.000181983, -3.50297e-06, -3.51158e-06, 0.000182014,17429.484,15248.1464, 35268, 31627,1900,-1
a04459, 1900-06-16T06:23:02.4Z,293.342232,28.223291, -0.000181967, -3.47802e-06, -3.49175e-06, 0.000182,17368.7603,16175.1229, 35268, 31627,1900,-1
a04461, 1900-06-17T01:49:26.4Z,178.935181,-22.57862, -0.000181889, -6.28713e-07, -3.98885e-07, 0.000181906,15459.8166,18835.525, 35268, 31627,1900,-1
a04462, 1900-06-19T00:48:57.6Z,212.753422,-78.383988, -0.000181893, -6.46598e-06, -6.56767e-06, 0.000181967,17191.4044,14436.6622, 35268, 31627,1900,-1
a04463, 1900-06-19T02:03:50.4Z,178.206047,-8.365459, -0.000182015, -5.17181e-07, -5.03878e-07, 0.000181962,17942.2997,15352.9452, 35268, 31627,1900,-1
a04464, 1900-06-19T03:15:50.4Z,203.168763,-8.193142, -0.000181959, -1.221e-06, -1.21796e-06, 0.000181921,18318.4658,15815.0969, 35268, 31627,1900,-1
a04465, 1900-06-19T04:13:26.4Z,218.168392,2.038379, -0.000181854, -2.8744e-06, -2.84093e-06, 0.000181838,17760.0458,14867.4896, 35268, 31627,1900,-1
a04466, 1900-06-20T02:05:16.8Z,168.156582,-23.224725, -0.000181983, -1.71294e-06, -1.72568e-06, 0.000181947,17683.1788,15373.7096, 35268, 31627,1900,-1
a04467, 1900-06-20T04:36:28.8Z,218.738594,2.096927, -0.00018183, -2.10942e-06, -2.05213e-06, 0.000181843,17394.4817,14057.0965, 35268, 31627,1900,-1
a04468, 1900-06-21T02:13:55.2Z,217.266573,-73.498822, -0.000181923, -4.55411e-06, -4.62375e-06, 0.000181966,17364.6219,14414.4446, 35268, 31627,1900,-1
a04469, 1900-06-21T08:25:26.4Z,284.246979,-47.577748, -0.000181997, -3.10223e-06, -3.15239e-06, 0.000181965,17706.5629,14973.4526, 35268, 31627,1900,-1
a04470, 1900-06-22T00:41:45.6Z,168.424583,-8.180433, -0.000181996, -7.24291e-07, -7.20001e-07, 0.00018196,17970.8858,15011.3844, 35268, 31627,1900,-1
a04472, 1900-06-22T01:32:09.6Z,208.395396,-8.034057, -0.000182027, -2.034e-06, -2.02361e-06, 0.000181971,18055.0043,14873.2476, 35268, 31627,1900,-1
a04473, 1900-06-22T06:00:00Z,258.218259,17.480218, -0.000181995, -2.99945e-06, -2.97399e-06, 0.000181984,18244.6267,14843.785, 35268, 31627,1900,-1
a04474, 1900-06-22T07:24:57.6Z,278.960608,-37.528225, -0.000181965, -3.88968e-06, -3.92196e-06, 0.000181944,17640.836,15042.9433, 35268, 31627,1900,-1
a04475, 1900-06-22T08:42:43.2Z,293.914882,-37.317124, -0.000181989, -2.75627e-06, -2.78746e-06, 0.00018196,17273.2735,15218.9774, 35268, 31627,1900,-1
a04476, 1900-06-23T02:05:16.8Z,217.172466,-68.37487, -0.000181916, -4.60878e-06, -4.66584e-06, 0.000181939,17774.2943,14225.8529, 35268, 31627,1900,-1
a04482, 1900-06-24T01:59:31.2Z,188.719187,1.812801, -0.000181808, -2.42757e-06, -2.3744e-06, 0.000181792,18205.2864,14427.5269, 38243, 31327,1900,-1
a04488, 1900-06-26T02:05:16.8Z,298.845656,26.079659, -0.000181861, -2.35818e-06, -2.02375e-06, 0.000182244,14054.9965,5052.2044, 35268, 31627,1900,-1
a04493, 1900-06-28T03:07:12Z,227.471711,-67.710965, -0.000181909, -5.68933e-06, -5.76761e-06, 0.000181917,17600.9393,16128.6668, 35268, 31627,1900,-1
a04494, 1900-07-03T02:49:55.2Z,273.318659,-22.1799, -0.000181543, -1.39933e-05, -1.40205e-05, 0.000181456,8434.887,10374.8311, 21953, 17493,1900,0
a04495, 1900-07-03T04:27:50.4Z,272.860241,-21.794136, -0.000181457, -1.4008e-05, -1.40071e-05, 0.000181469,10578.2689,12339.443, 21953, 17402,1900,0
a04496, 1900-07-03T08:34:04.8Z,14.390081,14.39666, -0.000147044, -0.000107436, -0.000107492, 0.000146986,14459.2966,10764.3111, 21953, 17402,1900,-1
a04497, 1900-07-03T09:44:38.4Z,14.891937,14.743166, -0.000150527, -0.000102662, -0.000102727, 0.00015035,11517.125,10457.7715, 21953, 17493,1900,-1
a04511, 1900-07-10T00:37:26.4Z,178.596413,-13.248703, -0.000182031, -1.41531e-06, -1.31698e-06, 0.000181931,18963.6547,15542.7324, 35268, 31627,1900,-1
a04512, 1900-07-10T00:53:16.8Z,188.664922,-13.280524, -0.000182003, -1.37114e-06, -1.37478e-06, 0.000181972,18220.1467,15484.7386, 35268, 31627,1900,-1
a04513, 1900-07-10T01:13:26.4Z,193.731053,-2.522652, -0.000182019, -1.78346e-06, -1.7674e-06, 0.000181985,18213.5622,15335.5215, 35268, 31627,1900,-1
a04514, 1900-07-10T01:35:02.4Z,198.652285,2.165392, -0.000182007, -2.04293e-06, -2.02633e-06, 0.000181978,18309.3329,15248.0606, 35268, 31627,1900,-1
a04515, 1900-07-10T01:56:38.4Z,213.659652,-3.000147, -0.000181967, -4.09243e-06, -4.08587e-06, 0.000181947,18570.5666,15163.6633, 35268, 31627,1900,-1
a04516, 1900-07-10T02:12:28.8Z,218.438308,2.257181, -0.000181959, -1.69409e-06, -1.73727e-06, 0.000182013,19126.4331,16355.7527, 35268, 31627,1900,-1
a04517, 1900-07-10T02:35:31.2Z,218.877911,-27.924395, -0.000181974, -3.72827e-06, -3.74625e-06, 0.000181943,18311.6706,14990.9742, 35268, 31627,1900,-1
a04518, 1900-07-10T02:54:14.4Z,228.858317,-18.1357, -0.00018196, -4.40176e-06, -4.41493e-06, 0.00018194,18605.8398,15004.6651, 35268, 31627,1900,-1
a04519, 1900-07-10T03:12:57.6Z,233.650488,1.944557, -0.000181998, -3.47032e-06, -3.46333e-06, 0.000181987,18335.384,15170.786, 35268, 31627,1900,-1
a04520, 1900-07-10T03:28:48Z,243.679336,1.994144, -0.000181956, -4.26753e-06, -4.26385e-06, 0.000181947,18366.2841,14906.8641, 35268, 31627,1900,-1
a04521, 1900-07-14T23:57:07.2Z,229.670619,-78.303163, -0.000181804, -8.18047e-06, -8.16528e-06, 0.000181923,17621.8027,14847.6805, 35268, 31627,1900,-1
a04522, 1900-07-17T01:19:12Z,272.103026,-22.227224, -0.000181405, -1.56094e-05, -1.56799e-05, 0.000181325,7017.9336,9502.7429, 21953, 17402,1900,0
a04533, 1900-07-19T02:26:52.8Z,227.653909,-73.550665, -0.000181803, -6.60884e-06, -6.69789e-06, 0.000181941,18226.0705,13567.0087, 35268, 31627,1900,-1
a04534, 1900-07-20T02:24:00Z,237.414342,-67.805247, -0.000181892, -4.42467e-06, -4.58638e-06, 0.000181941,17584.9457,17670.7107, 35268, 31627,1900,-1
a04535, 1900-07-21T02:00:57.6Z,227.801202,-78.351978, -0.000181945, -5.99491e-06, -6.12584e-06, 0.000181965,18493.969,13554.2979, 35268, 31627,1900,-1
a04537, 1900-07-24T02:06:43.2Z,244.300691,-78.271205, -0.000181754, -9.63027e-06, -9.74195e-06, 0.000181814,17837.0181,14344.89, 35268, 31627,1900,-1
a04539, 1900-07-25T02:11:02.4Z,247.941424,-67.889078, -0.000181874, -5.02884e-06, -5.10075e-06, 0.000181926,17896.6496,14880.7328, 35268, 31627,1900,-1
a04545, 1900-07-26T02:11:02.4Z,247.421423,-72.957987, -0.000181962, -2.6586e-06, -2.74986e-06, 0.000181998,18862.618,14429.3405, 35268, 31627,1900,-1
a04555, 1900-07-28T01:23:31.2Z,272.535048,-21.744531, -0.000181063, -1.97312e-05, -1.97817e-05, 0.000180954,4674.1564,12562.889, 21953, 17493,1900,0
a04556, 1900-07-28T03:37:26.4Z,300.178838,-82.115128, -0.000180948, -1.9518e-05, -1.93372e-05, 0.000181059,16237.5557,16269.0973, 35268, 31627,1900,-1
a04562, 1900-07-31T02:08:09.6Z,258.347297,-73.222511, -0.000181836, -7.19238e-06, -7.2623e-06, 0.000181892,17842.9206,14244.2668, 35268, 31627,1900,-1
a04564, 1900-08-01T03:15:50.4Z,271.594955,-22.960958, -0.000181111, -1.86081e-05, -1.85998e-05, 0.000181005,9496.9754,6527.6775, 21953, 17402,1900,0
a04574, 1900-08-02T06:33:07.2Z,317.496096,-67.39278, -0.000181942, -5.16261e-06, -5.23506e-06, 0.000181983,17354.8516,14479.2874, 35268, 31627,1900,-1
a04575, 1900-08-02T08:08:09.6Z,26.197208,23.279656, -0.000129031, -0.000128439, -0.000128483, 0.000129035,14143.6971,10793.4472, 21953, 17493,1900,-1
a04576, 1900-08-02T09:21:36Z,26.369233,24.596426, -0.00012898, -0.000128515, -0.000128579, 0.000129051,8729.4635,15435.5076, 21953, 17402,1900,-1
a04590, 1900-08-17T01:09:07.2Z,291.249551,-77.732801, -0.000181778, -9.1748e-06, -9.11885e-06, 0.000181879,17508.1304,14372.0766, 35268, 31627,1900,-1
a04591, 1900-08-17T03:18:43.2Z,269.853991,-22.709927, -0.00018195, -3.41742e-06, -3.43133e-06, 0.000181922,18422.5312,15120.4819, 35268, 31627,1900,0
a04592, 1900-08-17T05:49:55.2Z,301.777956,-31.976629, -0.000181978, -3.47385e-06, -3.50269e-06, 0.000181936,17919.9981,14831.9411, 35268, 31627,1900,-1
a04593, 1900-08-17T07:06:14.4Z,317.033235,-57.181324, -0.000182023, -3.28627e-06, -3.36481e-06, 0.000181974,17939.5323,14968.145, 35268, 31627,1900,-1
a04594, 1900-08-17T08:21:07.2Z,339.408172,-57.119312, -0.000182017, -2.58355e-06, -2.66123e-06, 0.000181979,18062.246,14938.3473, 35268, 31627,1900,-1
a04595, 1900-08-18T01:45:07.2Z,261.178218,-78.123021, -0.000181807, -8.80518e-06, -8.9323e-06, 0.000181853,18465.6676,13636.5436, 35268, 31627,1900,-1
a04596, 1900-08-18T05:41:16.8Z,309.704334,-67.279688, -0.000181962, -3.96906e-06, -4.06861e-06, 0.000181965,18506.4373,15085.393, 35268, 31627,1900,-1
a04597, 1900-08-18T07:33:36Z,319.684215,-72.326043, -0.000182067, -4.36217e-06, -4.49948e-06, 0.00018196,18585.7687,14466.9692, 35268, 31627,1900,-1
a04598, 1900-08-19T01:49:26.4Z,270.631006,-67.770201, -0.000181836, -7.42706e-06, -7.49785e-06, 0.000181868,17413.8129,14456.7684, 35268, 31627,1900,-1
a04599, 1900-08-21T02:05:16.8Z,270.863396,-72.809834, -0.000181755, -9.36585e-06, -9.4654e-06, 0.000181786,17716.8655,14608.8948, 35268, 31627,1900,-1
a04600, 1900-08-22T01:13:26.4Z,269.950117,-22.707793, -0.000181928, -3.40954e-06, -3.42608e-06, 0.000181914,18244.17,14711.902, 35268, 31627,1900,0
a04601, 1900-08-22T05:09:36Z,337.120877,-67.383829, -0.000181953, -3.53653e-06, -3.55323e-06, 0.000181988,17868.2018,14756.0303, 35268, 31627,1900,-1
a04602, 1900-08-22T08:13:55.2Z,350.40655,-42.322228, -0.000182002, -5.71994e-07, -6.1245e-07, 0.000181977,18451.1911,15082.1119, 35268, 31627,1900,-1
a04603, 1900-08-23T01:13:26.4Z,269.851733,-22.975211, -0.000181928, -3.24463e-06, -3.25738e-06, 0.00018192,17973.9545,14863.6258, 35268, 31627,1900,0
a04604, 1900-08-23T04:56:38.4Z,327.672406,-67.525825, -0.000181913, -4.75222e-06, -4.78935e-06, 0.000181946,17703.2385,14555.2868, 35268, 31627,1900,-1
a04606, 1900-08-24T04:17:45.6Z,317.548711,-67.514397, -0.0001819, -5.67258e-06, -5.71064e-06, 0.000181922,17402.868,14836.6094, 35268, 31627,1900,-1
a04608, 1900-08-25T04:52:19.2Z,269.620572,-22.592441, -0.000182107, -4.14558e-06, -4.08403e-06, 0.00018192,18168.1066,16090.7339, 35268, 31627,1900,0
a04609, 1900-08-26T01:39:21.6Z,278.958747,-72.832028, -0.000181719, -9.58668e-06, -9.63505e-06, 0.000181767,17278.1359,15207.2205, 35268, 31627,1900,-1
a04610, 1900-08-26T04:53:45.6Z,270.091854,-22.66181, -0.000182143, -2.97295e-06, -2.90752e-06, 0.000181932,18299.3727,15825.5126, 35268, 31627,1900,0
a04611, 1900-08-28T01:55:12Z,277.15561,-67.869899, -0.000181936, -3.10069e-06, -3.09072e-06, 0.000181941,19457.8129,14680.8587, 35268, 31627,1900,-1
a04612, 1900-08-29T03:02:52.8Z,269.782035,-22.554383, -0.000181967, -3.48651e-06, -3.49963e-06, 0.00018193,18871.0703,14916.1562, 35268, 31627,1900,0
a04613, 1900-08-29T06:53:16.8Z,329.546212,-62.329243, -0.000182031, -1.81445e-06, -1.90475e-06, 0.000182007,17770.6018,15184.6059, 35268, 31627,1900,-1
a04614, 1900-08-30T02:09:36Z,269.835132,-22.678629, -0.000181937, -3.54828e-06, -3.55843e-06, 0.000181915,18230.4327,15182.915, 35268, 31627,1900,0
a04615, 1900-08-30T05:47:02.4Z,346.969301,-67.941051, -0.000181867, -3.03992e-06, -2.95052e-06, 0.000182034,18087.0691,11548.5209, 35268, 31627,1900,-1
a04616, 1900-08-30T08:58:33.6Z,3.896264,-27.143709, -0.000182012, -4.68712e-07, -4.88298e-07, 0.000181977,18177.9749,14753.2582, 35268, 31627,1900,-1
a04617, 1900-08-31T01:33:36Z,304.262365,-76.876752, -0.000181675, -1.08036e-05, -1.07787e-05, 0.000181781,16786.8992,15011.3481, 35268, 31627,1900,-1
a04619, 1900-08-31T06:00:00Z,319.316091,-41.818877, -0.000181971, -3.48695e-06, -3.52674e-06, 0.000181945,17821.5429,15415.0124, 35268, 31627,1900,-1
a04620, 1900-08-31T07:42:14.4Z,346.723344,-71.920032, -0.00018202, -3.46405e-06, -3.59639e-06, 0.000182021,18220.753,15293.6162, 35268, 31627,1900,-1
a04621, 1900-08-31T08:58:33.6Z,4.003499,-11.844071, -0.000181933, -2.79751e-06, -2.8021e-06, 0.000181902,18489.4995,17076.4736, 35268, 31627,1900,-1
a04622, 1900-09-01T00:48:57.6Z,252.170778,-82.805501, -0.000181526, -1.36134e-05, -1.38267e-05, 0.000181611,18136.0312,14330.951, 35268, 31627,1900,-1
a04623, 1900-09-01T01:58:04.8Z,287.501772,-67.823815, -0.000181867, -6.6074e-06, -6.65701e-06, 0.000181914,17681.0432,14759.5119, 35268, 31627,1900,-1
a04624, 1900-09-01T03:36:00Z,269.398303,-22.984872, -0.000182026, -2.80947e-06, -2.82274e-06, 0.000181957,19039.3578,13365.1678, 35268, 31627,1900,0
a04625, 1900-09-01T06:01:26.4Z,314.011706,-37.439517, -0.000182015, -2.28453e-06, -2.32073e-06, 0.000181971,17803.1933,15096.0719, 35268, 31627,1900,-1
a04626, 1900-09-01T06:14:24Z,336.530766,-72.363459, -0.000182028, -3.48836e-06, -3.6286e-06, 0.000182013,18503.6101,14732.3823, 35268, 31627,1900,-1
a04627, 1900-09-01T08:26:52.8Z,355.981068,-72.321927, -0.00018205, 6.0365e-08, -7.9439e-08, 0.000182042,18399.0046,14586.6221, 35268, 31627,1900,-1
a04628, 1900-09-02T00:27:21.6Z,208.893198,2.381961, -0.000182064, -2.68916e-06, -2.53684e-06, 0.000181849,19039.7666,16623.6864, 35268, 31627,1900,-1
a04640, 1900-09-02T09:25:55.2Z,64.233844,2.939428, -0.00018181, -2.06295e-07, -2.40346e-07, 0.000181839,16618.5132,15065.0885, 35268, 31627,1900,-1
a04641, 1900-09-04T00:30:14.4Z,233.877948,-13.09748, -0.000182016, -2.32511e-06, -2.3275e-06, 0.000181974,17386.084,14414.1006, 35268, 31627,1900,-1
a04642, 1900-09-04T00:47:31.2Z,239.040897,-18.084304, -0.000181987, -3.38388e-06, -3.38435e-06, 0.00018195,16871.2716,14743.1362, 35268, 31627,1900,-1
a04643, 1900-09-04T01:07:40.8Z,238.85891,-2.983808, -0.000182034, -2.28734e-06, -2.25919e-06, 0.000181983,17110.2979,14940.0547, 35268, 31627,1900,-1
a04644, 1900-09-04T01:23:31.2Z,258.686512,12.398466, -0.000181974, -3.79503e-06, -3.77087e-06, 0.000181954,17153.1476,14855.2084, 35268, 31627,1900,-1
a04645, 1900-09-04T01:43:40.8Z,263.573659,22.474712, -0.000181992, -3.44129e-06, -3.38916e-06, 0.000181986,17116.1936,14926.1691, 35268, 31627,1900,-1
a04646, 1900-09-04T01:58:04.8Z,278.645242,22.628075, -0.000181927, -5.15812e-06, -5.13578e-06, 0.000181941,16921.7602,15053.529, 35268, 31627,1900,-1
a04647, 1900-09-04T02:18:14.4Z,293.778245,24.130539, -0.000181858, -3.1143e-06, -3.12659e-06, 0.000182178,16638.3772,22918.7487, 35268, 31627,1900,-1
a04648, 1900-09-04T02:32:38.4Z,303.639695,22.786592, -0.000181962, -3.25219e-06, -3.253e-06, 0.000181978,17013.7028,14801.9685, 35268, 31627,1900,-1
a04649, 1900-09-04T02:51:21.6Z,318.770543,22.92511, -0.000181986, -3.16763e-06, -3.18104e-06, 0.000182006,16552.5696,15009.1499, 35268, 31627,1900,-1
a04650, 1900-09-04T03:08:38.4Z,328.648175,23.000141, -0.000182005, -1.677e-06, -1.70621e-06, 0.000182025,17925.6519,15268.742, 35268, 31627,1900,-1
a04651, 1900-09-04T08:09:36Z,36.939739,35.135828, -0.000181989, 6.26839e-07, 6.14683e-07, 0.000182066,18080.2565,15000.9801, 35268, 31627,1900,-1
a04652, 1900-09-05T00:20:09.6Z,243.447713,37.250231, -0.000182042, -2.21274e-06, -2.08143e-06, 0.000182071,18236.4521,15793.3711, 35268, 31627,1900,-1
a04653, 1900-09-05T00:36:00Z,253.342607,37.297297, -0.000181977, -3.96922e-06, -3.87764e-06, 0.000182025,18474.9877,15565.848, 35268, 31627,1900,-1
a04654, 1900-09-05T00:57:36Z,263.291933,37.203746, -0.000181947, -3.85846e-06, -3.71444e-06, 0.00018203,17804.4752,14696.058, 35268, 31627,1900,-1
a04655, 1900-09-05T01:13:26.4Z,273.410691,37.53506, -0.000181918, -5.64012e-06, -5.59513e-06, 0.00018198,18006.7599,15879.3026, 35268, 31627,1900,-1
a04656, 1900-09-05T01:33:36Z,284.527162,37.494114, -0.000181949, -3.5061e-06, -3.47509e-06, 0.00018202,19369.1426,14753.6117, 38243, 31327,1900,-1
a04657, 1900-09-05T01:46:33.6Z,293.302009,37.585143, -0.000181943, -3.95994e-06, -3.94455e-06, 0.000182013,19138.3379,14871.8147, 38243, 31327,1900,-1
a04658, 1900-09-05T02:09:36Z,303.48137,32.638178, -0.000181964, -3.35033e-06, -3.35511e-06, 0.000182005,17791.8008,15617.5138, 35268, 31627,1900,-1
a04659, 1900-09-05T02:24:00Z,313.582166,32.620432, -0.000181983, -2.51259e-06, -2.52498e-06, 0.000182023,18191.0826,15257.6837, 35268, 31627,1900,-1
a04660, 1900-09-05T02:44:09.6Z,318.342116,37.982876, -0.000181985, -2.83704e-06, -2.86249e-06, 0.000182058,18748.6718,15000.7184, 35268, 31627,1900,-1
a04661, 1900-09-05T03:00:00Z,328.477232,38.038669, -0.000181973, -3.13005e-06, -3.1745e-06, 0.000182048,18430.3023,14996.1972, 35268, 31627,1900,-1
a04662, 1900-09-05T03:18:43.2Z,338.622013,38.15122, -0.000182026, -1.87423e-06, -1.94053e-06, 0.000182073,17997.5183,15455.2384, 35268, 31627,1900,-1
a04663, 1900-09-05T03:38:52.8Z,348.739959,38.177154, -0.000182015, -1.10504e-06, -1.19139e-06, 0.000182077,18047.4496,15579.4497, 35268, 31627,1900,-1
a04664, 1900-09-05T04:00:28.8Z,293.505696,17.420263, -0.000182022, -2.7061e-06, -2.65634e-06, 0.000182006,18548.214,15572.0117, 35268, 31627,1900,-1
a04665, 1900-09-05T04:14:52.8Z,303.578574,17.488738, -0.000181984, -3.52602e-06, -3.49566e-06, 0.000181974,18521.1243,15672.6521, 35268, 31627,1900,-1
a04666, 1900-09-05T04:33:36Z,318.676577,17.5684, -0.000181995, -2.90027e-06, -2.88749e-06, 0.000181994,18362.4689,15610.8387, 35268, 31627,1900,-1
a04667, 1900-09-05T05:28:19.2Z,313.843032,-7.177808, -0.000182022, -1.81584e-06, -1.80883e-06, 0.000181984,18195.3164,15449.1732, 35268, 31627,1900,-1
a04668, 1900-09-05T05:45:36Z,308.771152,2.658002, -0.000182042, -2.25083e-06, -2.21222e-06, 0.000181988,18561.0286,15404.954, 35268, 31627,1900,-1
a04669, 1900-09-05T06:01:26.4Z,318.677687,2.769021, -0.000182018, -3.03007e-06, -3.00508e-06, 0.000181982,18155.1811,15724.4706, 35268, 31627,1900,-1
a04670, 1900-09-05T06:17:16.8Z,333.739195,2.784071, -0.000182007, -1.61205e-06, -1.60486e-06, 0.00018199,18174.7669,15644.7787, 35268, 31627,1900,-1
a04671, 1900-09-05T06:36:00Z,343.854262,2.803198, -0.000182013, -2.43125e-06, -2.42627e-06, 0.000181999,18139.5451,15649.8649, 35268, 31627,1900,-1
a04672, 1900-09-05T06:50:24Z,353.777212,2.815233, -0.000182006, 8.48461e-07, 8.45342e-07, 0.000182001,17814.3667,16053.2198, 35268, 31627,1900,-1
a04673, 1900-09-05T07:09:07.2Z,328.743299,7.973406, -0.000182086, -1.94903e-06, -1.89259e-06, 0.000182021,17667.1563,15740.9532, 35268, 31627,1900,-1
a04674, 1900-09-05T07:22:04.8Z,338.832052,7.977534, -0.000182028, -3.33093e-06, -3.29736e-06, 0.000181992,17646.4006,15339.4892, 35268, 31627,1900,-1
a04675, 1900-09-05T07:39:21.6Z,348.628723,10.284704, -0.000182155, -1.23627e-06, -1.39878e-06, 0.000181629,19017.7476,27533.3232, 35268, 31627,1900,-1
a04676, 1900-09-05T07:52:19.2Z,358.860344,8.167482, -0.000182027, -5.80574e-07, -5.67767e-07, 0.000182013,17602.6718,15431.5067, 35268, 31627,1900,-1
a04677, 1900-09-05T08:11:02.4Z,8.867079,8.082111, -0.000182035, -1.60499e-06, -1.59633e-06, 0.000182026,18610.233,14676.6838, 35268, 31627,1900,-1
a04678, 1900-09-05T08:25:26.4Z,18.919341,8.170231, -0.000182018, 2.29413e-06, 2.29674e-06, 0.000182016,18360.5541,15316.6292, 35268, 31627,1900,-1
a04679, 1900-09-05T09:14:24Z,13.705274,-22.279921, -0.000182019, -1.21156e-06, -1.22263e-06, 0.000181991,17975.5775,14772.6357, 35268, 31627,1900,-1
a04680, 1900-09-06T05:48:28.8Z,313.457735,-2.045828, -0.000182046, -2.01265e-06, -1.97854e-06, 0.000182005,18748.0056,14399.1398, 35268, 31627,1900,-1
a04681, 1900-09-06T06:02:52.8Z,323.48114,-1.885362, -0.000182011, -2.41297e-06, -2.40196e-06, 0.000181981,18478.5899,15148.6747, 35268, 31627,1900,-1
a04682, 1900-09-06T06:21:36Z,333.580044,-1.88102, -0.000182022, -1.52034e-06, -1.51626e-06, 0.000181992,17329.6499,14830.6115, 35268, 31627,1900,-1
a04683, 1900-09-06T06:36:00Z,343.605538,-1.890925, -0.00018201, -1.6002e-06, -1.60347e-06, 0.000181995,17842.8501,14581.5386, 35268, 31627,1900,-1
a04684, 1900-09-06T06:56:09.6Z,353.543131,-1.819372, -0.000182014, -1.2996e-06, -1.30546e-06, 0.000182,18312.8854,15049.6735, 35268, 31627,1900,-1
a04685, 1900-09-06T07:10:33.6Z,3.533824,-1.73921, -0.000182002, -2.19743e-06, -2.20495e-06, 0.000181991,18103.6995,16033.7114, 35268, 31627,1900,-1
a04686, 1900-09-06T07:32:09.6Z,333.487692,8.012988, -0.000182082, -2.05708e-06, -1.99758e-06, 0.000182008,18681.8965,15700.6949, 35268, 31627,1900,-1
a04687, 1900-09-06T07:48:00Z,343.479769,8.050595, -0.000182058, -2.32971e-06, -2.29027e-06, 0.000182007,18993.5402,15882.157, 35268, 31627,1900,-1
a04688, 1900-09-06T08:06:43.2Z,353.596387,8.069566, -0.000182052, 1.21748e-07, 1.54288e-07, 0.000182018,18165.2818,16025.5028, 35268, 31627,1900,-1
a04689, 1900-09-06T08:21:07.2Z,3.606011,7.992895, -0.000182034, -4.02963e-07, -3.85962e-07, 0.000182025,18495.2956,15409.4666, 35268, 31627,1900,-1
a04690, 1900-09-06T09:07:12Z,30.229719,-67.163721, -0.000181986, 2.28846e-06, 2.22041e-06, 0.000182023,18308.4457,14084.2243, 35268, 31627,1900,-1
a04691, 1900-09-12T01:12:00Z,269.547714,-22.675338, -0.000181957, -1.89597e-06, -1.91088e-06, 0.000181945,18470.5085,15738.9605, 35268, 31627,1900,0
a04692, 1900-09-12T02:34:04.8Z,277.575666,-72.699021, -0.000181999, -5.10126e-06, -5.24224e-06, 0.000181985,18717.9546,14815.6346, 35268, 31627,1900,-1
a04693, 1900-09-12T02:48:28.8Z,288.304263,-77.524167, -0.000181816, -9.39585e-06, -9.5666e-06, 0.000181849,18514.7025,15019.5254, 35268, 31627,1900,-1
a04694, 1900-09-12T03:08:38.4Z,287.048409,-67.73613, -0.000182007, -4.2807e-06, -4.39384e-06, 0.000181993,18910.8938,14091.1866, 35268, 31627,1900,-1
a04695, 1900-09-12T03:24:28.8Z,298.932475,-32.255072, -0.000181985, -3.16267e-06, -3.18853e-06, 0.000181961,18159.5721,15470.771, 35268, 31627,1900,-1
a04696, 1900-09-12T03:43:12Z,313.823836,-32.227864, -0.000181968, -3.83644e-06, -3.86277e-06, 0.000181958,18071.8769,15160.6672, 35268, 31627,1900,-1
a04697, 1900-09-12T04:00:28.8Z,323.835282,-32.185403, -0.000181965, -3.20082e-06, -3.22431e-06, 0.00018196,18301.132,14848.4839, 35268, 31627,1900,-1
a04698, 1900-09-12T04:20:38.4Z,333.741193,-32.141518, -0.000181996, -6.41172e-07, -6.57531e-07, 0.000181995,18570.0795,14822.1955, 35268, 31627,1900,-1
a04699, 1900-09-12T04:36:28.8Z,343.672068,-32.025298, -0.000181989, -1.93103e-06, -1.94785e-06, 0.000181987,18491.386,15599.4302, 35268, 31627,1900,-1
a04700, 1900-09-13T01:00:28.8Z,269.166193,-22.575036, -0.000181902, -1.69117e-06, -1.6474e-06, 0.000181918,19972.8447,16067.5225, 35268, 31627,1900,0
a04702, 1900-09-13T03:33:07.2Z,333.383002,37.884137, -0.000182014, -8.89099e-07, -9.04429e-07, 0.000182085,17605.6156,16091.4552, 35268, 31627,1900,-1
a04703, 1900-09-13T03:48:57.6Z,353.57212,37.890466, -0.000181997, -2.44842e-06, -2.51887e-06, 0.000182059,17916.9547,16033.7964, 35268, 31627,1900,-1
a04704, 1900-09-13T04:09:07.2Z,3.706501,37.950961, -0.000182022, -1.80768e-06, -1.89216e-06, 0.000182084,17664.8283,16182.9884, 35268, 31627,1900,-1
a04705, 1900-09-13T05:18:14.4Z,39.040886,37.793289, -0.000183297, 6.52255e-07, 1.38829e-06, 0.000182181,12495.8998,7925.2945, 21953, 17402,1900,-1
a04706, 1900-09-13T05:47:02.4Z,318.936848,-22.234254, -0.000182015, -2.46304e-06, -2.47658e-06, 0.000181964,17912.5645,15725.757, 35268, 31627,1900,-1
a04707, 1900-09-13T06:00:00Z,329.013591,-22.249381, -0.000182001, -3.03403e-06, -3.05198e-06, 0.00018196,17931.7117,15289.9355, 35268, 31627,1900,-1
a04708, 1900-09-13T06:17:16.8Z,339.025563,-22.255182, -0.000182008, -2.47598e-06, -2.49445e-06, 0.000181988,18035.0936,15068.4931, 35268, 31627,1900,-1
a04709, 1900-09-13T06:30:14.4Z,348.956575,-22.234776, -0.000182002, -1.55013e-06, -1.56777e-06, 0.000181987,17846.0091,14997.6254, 35268, 31627,1900,-1
a04710, 1900-09-13T06:48:57.6Z,333.888077,-7.081731, -0.000182035, -2.68202e-06, -2.67444e-06, 0.000181986,17929.1496,15441.7362, 35268, 31627,1900,-1
a04711, 1900-09-13T07:01:55.2Z,343.916546,-7.079346, -0.000182012, -2.16047e-06, -2.16335e-06, 0.000181981,18139.1846,15592.641, 35268, 31627,1900,-1
a04712, 1900-09-13T07:20:38.4Z,354.028746,-7.029386, -0.000182039, -7.96772e-07, -8.04704e-07, 0.000182018,17560.1219,16007.9473, 35268, 31627,1900,-1
a04713, 1900-09-14T01:16:19.2Z,269.491242,-22.804794, -0.000181911, -7.84869e-07, -7.95792e-07, 0.000181888,19470.4274,15983.7485, 35268, 31627,1900,0
a04714, 1900-09-14T03:00:00Z,289.619497,-31.000605, -0.000181398, -3.5051e-06, -3.64827e-06, 0.000182244,15502.1627,22326.8319, 35268, 31627,1900,-1
a04715, 1900-09-14T04:27:50.4Z,40.184759,38.707029, -0.000182211, 1.73237e-06, 1.3951e-06, 0.000182163,13198.1738,13961.49, 35268, 31627,1900,-1
a04717, 1900-09-14T06:08:38.4Z,324.402173,-22.088885, -0.00018199, -2.97554e-06, -2.96171e-06, 0.000181958,17291.725,16198.301, 35268, 31627,1900,-1
a04719, 1900-09-14T06:53:16.8Z,343.721185,-22.204833, -0.000182011, -1.9964e-06, -2.01589e-06, 0.00018198,18342.3524,15154.9818, 35268, 31627,1900,-1
a04720, 1900-09-15T03:21:36Z,304.112573,-32.120732, -0.000181976, -2.51225e-06, -2.54149e-06, 0.000181969,18178.6559,15705.7108, 35268, 31627,1900,-1
a04721, 1900-09-15T04:07:40.8Z,314.075353,-32.236497, -0.000181956, -3.69438e-06, -3.71743e-06, 0.000181937,18151.3641,14548.569, 35268, 31627,1900,-1
a04722, 1900-09-16T01:33:36Z,287.502228,-67.55544, -0.00018187, -6.31901e-06, -6.38812e-06, 0.000181902,18160.9392,14862.4415, 35268, 31627,1900,-1
a04723, 1900-09-16T07:19:12Z,37.334412,38.891063, -0.000182107, -3.34624e-06, -3.38392e-06, 0.000182067,14348.164,9488.9379, 21953, 17493,1900,-1
a04725, 1900-09-18T04:13:26.4Z,40.025566,40.120547, -0.000168883, 6.83663e-05, 6.82085e-05, 0.00016898,12283.0437,11567.1123, 17402, 21953,1900,-1
a04726, 1900-09-19T01:58:04.8Z,288.951222,-77.607184, -0.000181855, -7.64226e-06, -7.77741e-06, 0.000181881,17978.0965,14514.9005, 35268, 31627,1900,-1
a04727, 1900-09-19T04:35:02.4Z,40.3501,40.222591, -0.000168562, 6.93832e-05, 6.89004e-05, 0.000169074,10483.1897,9921.2857, 17493, 21953,1900,-1
a04729, 1900-09-20T04:12:00Z,40.615359,40.783469, -0.000167709, 7.19097e-05, 7.09445e-05, 0.000168399,11126.5047,10574.5554, 17402, 21953,1900,-1
a04730, 1900-09-20T06:15:50.4Z,344.165371,-47.374457, -0.000181992, -1.50849e-06, -1.55773e-06, 0.000181966,18102.0522,14747.8682, 35268, 31627,1900,-1
a04731, 1900-09-20T07:27:50.4Z,349.022005,-37.069149, -0.000182013, -1.30713e-06, -1.34402e-06, 0.00018199,17790.6814,14711.119, 35268, 31627,1900,-1
a04732, 1900-09-20T08:39:50.4Z,13.298213,-56.674372, -0.000181922, 2.51336e-06, 2.29654e-06, 0.000181936,19846.0369,16838.2772, 35268, 31627,1900,-1
a04734, 1900-09-21T04:10:33.6Z,40.265719,40.562887, -0.000174378, 5.29604e-05, 5.25424e-05, 0.000174714,11246.5177,6599.1935, 17493, 21953,1900,-1
a04735, 1900-09-21T06:11:31.2Z,334.26396,-42.45279, -0.000182034, -7.83708e-07, -8.34155e-07, 0.00018199,17883.7721,15191.9582, 35268, 31627,1900,-1
a04736, 1900-09-21T07:24:57.6Z,354.076943,-37.206207, -0.000182023, -1.40451e-06, -1.43839e-06, 0.000181979,18186.5506,14533.1016, 35268, 31627,1900,-1
a04737, 1900-09-21T08:36:57.6Z,13.816646,-16.991473, -0.000182004, -1.61143e-06, -1.62425e-06, 0.000181943,18214.086,15599.6475, 35268, 31627,1900,-1
a04738, 1900-09-22T01:46:33.6Z,297.319998,-72.979979, -0.000181975, -3.07955e-06, -3.1653e-06, 0.000182022,19425.4227,13210.8133, 35268, 31627,1900,-1
a04739, 1900-09-22T04:10:33.6Z,41.468378,40.922541, -0.000173707, 5.44592e-05, 5.44152e-05, 0.000173779,8165.6113,9538.858, 17402, 21953,1900,-1
a04740, 1900-09-23T01:45:07.2Z,303.926357,-77.500061, -0.000181754, -9.19016e-06, -9.27455e-06, 0.000181823,17675.996,14798.5006, 35268, 31627,1900,-1
a04741, 1900-09-23T04:09:07.2Z,41.414889,40.770214, -0.000172979, 5.55953e-05, 5.68727e-05, 0.000173761,8172.9395,7910.6388, 17493, 21953,1900,-1
a04742, 1900-09-25T01:59:31.2Z,307.369742,-66.499142, -0.000183133, 0, 0, 0.000183133,8700.524427,10976.070129, 17402, 21953,1900,-1
a04743, 1900-09-25T04:19:12Z,41.351127,43.197183, -0.000179147, 3.31281e-05, 3.29187e-05, 0.000179237,12055.3265,15057.6612, 17493, 21953,1900,-1
a04744, 1900-09-25T06:15:50.4Z,334.494593,-32.294916, -0.000182023, -2.36684e-06, -2.39019e-06, 0.000181958,17880.7984,14690.4731, 35268, 31627,1900,-1
a04745, 1900-09-25T07:45:07.2Z,19.277843,12.564683, -0.000182008, -8.74989e-07, -8.59826e-07, 0.000181997,17631.9489,14591.7764, 35268, 31627,1900,-1
a04746, 1900-09-25T09:01:26.4Z,89.164941,11.828968, -0.000182017, 2.9614e-08, -8.762e-09, 0.000182024,18300.066,13243.6841, 35268, 31627,1900,-1
a04747, 1900-09-26T01:46:33.6Z,308.206356,-72.672016, -0.000181875, -6.4834e-06, -6.55348e-06, 0.00018193,17451.8966,14427.4024, 35268, 31627,1900,-1
a04748, 1900-09-26T04:16:19.2Z,42.543778,41.91781, -0.000178055, 3.81981e-05, 3.80597e-05, 0.000178207,5883.7782,9731.1342, 17402, 21953,1900,-1
a04750, 1900-09-27T04:13:26.4Z,42.695644,42.196358, -0.000178436, 3.8033e-05, 3.69679e-05, 0.000179211,5419.1224,6206.771, 17493, 21953,1900,-1
a04751, 1900-09-27T06:08:38.4Z,344.267304,-37.184661, -0.000182001, -1.87565e-06, -1.91141e-06, 0.000181964,18093.1276,15131.0173, 35268, 31627,1900,-1
a04752, 1900-09-27T07:32:09.6Z,4.141289,-17.171506, -0.000182012, -1.13209e-06, -1.14357e-06, 0.000181969,17800.0786,15030.1337, 35268, 31627,1900,-1
a04753, 1900-09-28T01:22:04.8Z,332.778559,-77.239239, -0.000181916, -5.32163e-06, -5.27112e-06, 0.000182023,17699.7057,14234.8156, 35268, 31627,1900,-1
a04754, 1900-09-28T02:49:55.2Z,270.259107,-22.517081, -0.000182098, -3.76063e-06, -3.71776e-06, 0.000181931,18822.9276,15399.2324, 35268, 31627,1900,0
a04755, 1900-09-28T03:59:02.4Z,41.387133,43.703978, -0.000182067, 4.91734e-06, 4.62429e-06, 0.000182119,11376.1198,9788.4367, 17402, 21953,1900,-1
a04756, 1900-09-28T06:10:04.8Z,346.498179,-67.396941, -0.000182034, -9.0224e-07, -1.02393e-06, 0.000182018,18101.482,13932.8251, 35268, 31627,1900,-1
a04757, 1900-09-28T07:23:31.2Z,25.461633,-72.660157, -0.000181969, 2.97638e-06, 2.8829e-06, 0.000182035,18242.5038,13479.6695, 35268, 31627,1900,-1
a04758, 1900-09-28T08:39:50.4Z,55.048906,-72.467759, -0.000181965, 3.1564e-06, 3.10009e-06, 0.000182042,17933.93,14445.8177, 35268, 31627,1900,-1
a04759, 1900-09-29T01:43:40.8Z,317.967252,-72.527331, -0.000181872, -6.33174e-06, -6.36416e-06, 0.000181945,17387.0188,13608.2771, 35268, 31627,1900,-1
a04760, 1900-09-29T04:16:19.2Z,42.321851,45.196462, -0.000182108, 5.36834e-06, 4.77128e-06, 0.000183163,7676.9473,15114.0771, 17493, 21953,1900,-1
a04761, 1900-09-30T00:18:43.2Z,339.246286,-82.147394, -0.000181866, -8.20464e-06, -8.01227e-06, 0.000181929,17369.3403,14462.8573, 35268, 31627,1900,-1
a04762, 1900-09-30T01:30:43.2Z,299.496568,-47.464615, -0.000181945, -3.18208e-06, -3.21461e-06, 0.000181943,18233.0499,14835.896, 35268, 31627,1900,-1
a04763, 1900-09-30T02:39:50.4Z,304.524075,-42.197582, -0.00018193, -3.54463e-06, -3.57801e-06, 0.000181912,16636.0398,15382.2462, 35268, 31627,1900,-1
a04764, 1900-09-30T03:36:00Z,41.615906,44.423049, -0.000182175, 4.81294e-06, 4.51231e-06, 0.000183703,10832.4455,11597.4924, 17402, 21953,1900,-1
a04765, 1900-09-30T06:07:12Z,15.848156,-76.737934, -0.000181905, 1.20871e-06, 1.12238e-06, 0.000182007,17228.3164,15606.8903, 35268, 31627,1900,-1
a04766, 1900-09-30T07:23:31.2Z,28.77595,-57.521144, -0.00018198, -6.452e-07, -6.86427e-07, 0.000181987,16815.1921,13697.2762, 35268, 31627,1900,-1
a04767, 1900-09-30T08:41:16.8Z,58.35628,-62.508299, -0.000181984, 1.50112e-06, 1.46607e-06, 0.000182017,16968.6258,13786.3766, 35268, 31627,1900,-1
a04768, 1900-10-03T23:51:21.6Z,249.123834,-7.929767, -0.000182026, -3.07606e-06, -3.06358e-06, 0.000181971,17124.905,15170.3693, 35268, 31627,1900,-1
a04769, 1900-10-04T00:07:12Z,254.060015,-12.715026, -0.000182016, -1.63654e-06, -1.63507e-06, 0.000181975,17334.0569,15508.805, 35268, 31627,1900,-1
a04770, 1900-10-04T00:25:55.2Z,254.072644,-22.764768, -0.000182036, -2.45174e-06, -2.50509e-06, 0.000181975,18616.8409,15376.2141, 35268, 31627,1900,-1
a04771, 1900-10-04T00:41:45.6Z,254.203344,-32.817387, -0.000182035, -3.48988e-06, -3.51393e-06, 0.000181956,17705.4969,14487.519, 35268, 31627,1900,-1
a04772, 1900-10-04T01:07:40.8Z,293.352936,42.632835, -0.000181973, -4.9011e-06, -4.78197e-06, 0.000182061,19479.6527,15350.3282, 38243, 31327,1900,-1
a04773, 1900-10-04T01:23:31.2Z,303.401649,42.711877, -0.000181966, -4.23091e-06, -4.14644e-06, 0.000182061,19653.6898,15282.241, 38243, 31327,1900,-1
a04774, 1900-10-04T01:43:40.8Z,313.400106,42.788988, -0.000181991, -3.89136e-06, -3.84102e-06, 0.000182085,19161.5185,15761.9162, 35268, 31627,1900,-1
a04775, 1900-10-04T02:00:57.6Z,323.674594,42.642222, -0.000181997, -2.91696e-06, -2.88746e-06, 0.000182094,17105.1475,15120.3277, 35268, 31627,1900,-1
a04780, 1900-10-04T03:59:02.4Z,41.934528,44.421794, -0.000182132, 3.44355e-06, 3.32764e-06, 0.000182117,9143.5275,3825.6227, 17493, 21953,1900,-1
a04781, 1900-10-04T04:35:02.4Z,42.031628,46.710704, -0.000182081, 3.01277e-06, 3.1685e-06, 0.000182115,9015.8112,16093.3351, 17402, 21953,1900,-1
a04784, 1900-10-04T06:17:16.8Z,8.455054,13.128148, -0.000181976, 2.36424e-07, 1.26787e-07, 0.000181981,19392.3951,15135.0049, 35268, 31627,1900,-1
a04785, 1900-10-04T06:33:07.2Z,18.839138,13.104147, -0.000182027, -5.55693e-07, -5.46996e-07, 0.000182033,18312.3588,15282.2498, 35268, 31627,1900,-1
a04786, 1900-10-04T07:27:50.4Z,35.605089,-62.676722, -0.000182005, 7.88251e-07, 7.38488e-07, 0.000182034,18530.6926,14894.6196, 35268, 31627,1900,-1
a04787, 1900-10-04T08:52:48Z,58.116522,-77.273524, -0.000181761, 1.07257e-05, 1.05427e-05, 0.000181562,18979.359,14718.95, 35268, 31627,1900,-1
a04788, 1900-10-04T23:55:40.8Z,244.005647,-7.923528, -0.000182086, -1.31518e-06, -1.28134e-06, 0.000181997,18763.6628,15014.2441, 35268, 31627,1900,-1
a04789, 1900-10-05T00:11:31.2Z,254.200578,-7.799622, -0.000181996, -4.9551e-06, -4.92776e-06, 0.000181936,17901.8846,15622.3976, 35268, 31627,1900,-1
a04790, 1900-10-05T00:27:21.6Z,254.009935,-7.860983, -0.000182064, -2.28314e-06, -2.25549e-06, 0.000181989,18758.3747,15079.1499, 35268, 31627,1900,-1
a04791, 1900-10-05T00:51:50.4Z,289.163878,-7.380707, -0.00018198, -1.8716e-06, -1.88329e-06, 0.000181967,17786.3969,16515.728, 35268, 31627,1900,-1
a04792, 1900-10-05T02:25:26.4Z,294.368392,-32.453386, -0.000182012, -2.55694e-06, -2.58433e-06, 0.00018197,18275.0559,15775.8833, 35268, 31627,1900,-1
a04793, 1900-10-05T02:42:43.2Z,309.214674,-32.402878, -0.000181997, -2.72601e-06, -2.75038e-06, 0.000181976,18801.8943,15223.2937, 35268, 31627,1900,-1
a04794, 1900-10-05T03:08:50.1Z,6.515077,-72.048662, -0.000182008, -1.45384e-06, -1.4123e-06, 0.000182084,17964.509,15785.1312, 35268, 31627,1900,-1
a04795, 1900-10-05T03:41:45.6Z,42.13838,46.369691, -0.000182159, 5.08348e-06, 4.49196e-06, 0.000182443,8410.3816,14066.7981, 17493, 21953,1900,-1
a04796, 1900-10-05T04:12:00Z,41.722452,46.158414, -0.000182095, 4.31485e-06, 4.1234e-06, 0.000182218,10113.9977,12603.3948, 17402, 21953,1900,-1
a04797, 1900-10-12T00:54:43.2Z,270.899348,-22.844352, -0.000182013, -1.82378e-06, -1.79552e-06, 0.000181962,18621.3416,15153.7818, 35268, 31627,1900,0
a04798, 1900-10-12T02:26:52.8Z,303.955924,-27.234981, -0.000182, -3.2174e-06, -3.23463e-06, 0.000181969,18973.2164,15929.9792, 35268, 31627,1900,-1
a04799, 1900-10-12T03:47:31.2Z,41.29658,47.879104, -0.000170328, -6.44584e-05, -6.47022e-05, 0.000170406,11569.9708,9047.8184, 17493, 21953,1900,-1
a04800, 1900-10-13T00:53:16.8Z,284.181111,-32.385829, -0.000181987, -3.443e-06, -3.47254e-06, 0.000181956,18655.1464,15456.9592, 35268, 31627,1900,-1
a04801, 1900-10-13T01:59:31.2Z,309.094326,-32.190019, -0.000181985, -2.29174e-06, -2.31542e-06, 0.00018197,18600.2351,15518.4182, 35268, 31627,1900,-1
a04802, 1900-10-13T03:01:26.4Z,323.995275,-27.215064, -0.000181977, -3.24287e-06, -3.262e-06, 0.000181951,18448.1945,15456.2275, 35268, 31627,1900,-1
a04803, 1900-10-16T01:50:52.8Z,318.053653,-77.490184, -0.000181939, -6.21611e-06, -6.343e-06, 0.000181999,17153.0773,14034.0752, 35268, 31627,1900,-1
a04804, 1900-10-16T04:14:52.8Z,40.145908,49.2777, -0.000170361, -6.52176e-05, -6.44293e-05, 0.00017235,11882.5974,8731.8298, 17493, 21953,1900,-1
a04805, 1900-10-16T06:12:57.6Z,29.92397,-77.554614, -0.000181971, 3.87375e-06, 3.78159e-06, 0.000182075,17187.8796,14210.1934, 35268, 31627,1900,-1
a04806, 1900-10-16T07:36:28.8Z,50.422506,-62.602905, -0.000181962, 1.82879e-06, 1.80699e-06, 0.000182039,18222.7387,13619.4797, 35268, 31627,1900,-1
a04807, 1900-10-16T08:52:48Z,72.80808,-72.715828, -0.000181722, 8.82507e-06, 8.77461e-06, 0.000181848,22314.6035,12756.9616, 38243, 31327,1900,-1
a04808, 1900-10-17T02:22:33.6Z,23.890763,-27.265081, -0.000182007, -1.01045e-06, -1.01605e-06, 0.000181987,18159.5746,15263.8893, 35268, 31627,1900,-1
a04809, 1900-10-17T03:17:16.8Z,40.777472,50.237691, -0.000171534, -6.18466e-05, -6.08978e-05, 0.000173088,9023.0999,10727.1623, 17493, 21953,1900,-1
a04811, 1900-10-17T08:58:33.6Z,74.939669,-67.612519, -0.000181944, 4.44853e-06, 4.40067e-06, 0.000181997,19688.0257,14181.4386, 38243, 31327,1900,-1
a04812, 1900-10-18T02:08:09.6Z,294.197618,-32.420495, -0.000182014, -3.16851e-06, -3.19332e-06, 0.000181946,18613.6542,15095.4767, 35268, 31627,1900,-1
a04813, 1900-10-18T03:20:09.6Z,329.024033,-27.31455, -0.000182001, -2.48953e-06, -2.51018e-06, 0.000181978,18797.9978,15296.0678, 35268, 31627,1900,-1
a04814, 1900-10-18T04:01:55.2Z,343.861,-27.440542, -0.000182014, -1.89139e-06, -1.91865e-06, 0.000181997,19292.7433,14494.3905, 35268, 31627,1900,-1
a04815, 1900-10-18T04:20:38.4Z,353.954467,-27.20401, -0.000182003, -2.14985e-06, -2.16884e-06, 0.000181995,18631.166,15735.2547, 35268, 31627,1900,-1
a04816, 1900-10-23T01:56:38.4Z,327.491307,-72.460672, -0.000181976, -4.25432e-06, -4.34763e-06, 0.000181999,18397.4964,14889.0171, 35268, 31627,1900,-1
a04817, 1900-10-23T04:26:24Z,39.477298,52.462861, -0.000129383, -0.000128314, -0.000128269, 0.000129339,5856.0884,13666.9914, 17402, 21953,1900,-1
a04818, 1900-10-23T06:08:38.4Z,45.862544,-77.162299, -0.000181937, 4.8124e-06, 4.77033e-06, 0.000182059,18525.032,15757.3341, 35268, 31627,1900,-1
a04819, 1900-10-23T07:35:02.4Z,65.38559,-67.505652, -0.000181952, 4.12553e-06, 4.10772e-06, 0.000182007,19339.5155,16205.7952, 38243, 31327,1900,-1
a04820, 1900-10-23T08:45:36Z,79.718912,-72.513949, -0.000181959, 3.95687e-06, 3.91244e-06, 0.000182031,19982.3591,15152.5173, 38243, 31327,1900,-1
a04821, 1900-10-24T00:04:19.2Z,268.351705,-26.642218, -0.000181979, -3.80179e-06, -3.79698e-06, 0.000181909,19393.5394,15163.3654, 38243, 31327,1900,0
a04822, 1900-10-24T01:07:40.8Z,267.600203,-26.921418, -0.000182211, -2.34953e-06, -2.38426e-06, 0.000182034,16029.5565,6816.7083, 21953, 17402,1900,0
a04823, 1900-10-24T02:51:21.6Z,333.918883,-27.242935, -0.000181976, -1.15152e-06, -1.17098e-06, 0.00018195,18787.5696,15311.1557, 35268, 31627,1900,-1
a04824, 1900-10-24T03:38:52.8Z,39.057416,52.192267, -0.000133958, -0.000125914, -0.000123525, 0.000132164,9538.7404,11148.6968, 17402, 21953,1900,-1
a04825, 1900-10-24T06:11:31.2Z,35.573172,-67.411217, -0.000181991, 1.76171e-06, 1.70063e-06, 0.000182023,18478.5981,14521.1878, 35268, 31627,1900,-1
a04827, 1900-10-24T08:38:24Z,73.645853,-77.680829, -0.000181779, 8.8785e-06, 8.78735e-06, 0.000181878,18607.5758,14503.2067, 35268, 31627,1900,-1
a04828, 1900-10-25T01:01:55.2Z,268.133203,-26.974192, -0.000182047, 1.75364e-06, 1.71372e-06, 0.000182034,16019.6183,6054.9257, 21953, 17493,1900,0
a04829, 1900-10-25T02:58:33.6Z,329.172778,-42.160929, -0.000181987, -3.1117e-06, -3.15074e-06, 0.000181964,18784.3515,15253.9004, 35268, 31627,1900,-1
a04830, 1900-10-25T03:50:24Z,39.486822,51.693739, -0.000133157, -0.000124159, -0.000124361, 0.000133274,8323.4499,5736.3993, 17493, 21953,1900,-1
a04831, 1900-10-26T01:27:50.4Z,309.105397,-27.350339, -0.000181989, -2.44265e-06, -2.45878e-06, 0.000181968,18916.1743,15424.3246, 35268, 31627,1900,-1
a04832, 1900-10-26T02:49:55.2Z,343.853401,-27.187075, -0.000181984, -2.09175e-06, -2.10985e-06, 0.000181975,18947.0487,15722.3843, 35268, 31627,1900,-1
a04833, 1900-10-26T03:40:19.2Z,39.194136,53.065389, -0.000130615, -0.000127075, -0.000127093, 0.000131565,4874.4006,10324.7983, 17402, 21953,1900,-1
a04835, 1900-10-28T01:36:28.8Z,344.31054,-37.150987, -0.000181977, -2.35053e-06, -2.3614e-06, 0.000181973,17884.9736,15108.0068, 35268, 31627,1900,-1
a04836, 1900-10-28T03:01:26.4Z,33.890913,-37.284935, -0.00018201, -1.25391e-07, -1.2189e-07, 0.000181998,18197.7099,14854.2799, 35268, 31627,1900,-1
a04837, 1900-10-28T04:01:55.2Z,37.724797,53.578339, -0.000156041, 9.3847e-05, 9.39259e-05, 0.00015627,9466.5217,9137.6468, 21953, 17402,1900,-1
a04838, 1900-10-30T02:34:04.8Z,33.90008,-32.43899, -0.000181997, -2.00272e-07, -2.08054e-07, 0.000181984,18301.2157,14480.5152, 35268, 31627,1900,-1
a04839, 1900-10-30T03:33:07.2Z,35.405328,53.13423, -0.000158134, 9.01282e-05, 9.04455e-05, 0.000158364,11796.9028,6646.2879, 21953, 17493,1900,-1
a04840, 1900-11-02T00:12:57.6Z,283.965917,-2.512606, -0.000182001, -4.18112e-06, -4.15521e-06, 0.000181953,18328.4835,15642.7, 35268, 31627,1900,-1
a04841, 1900-11-02T00:27:21.6Z,299.009899,-2.347626, -0.000181979, -3.34266e-06, -3.33277e-06, 0.000181957,17980.4275,16189.1428, 35268, 31627,1900,-1
a04842, 1900-11-02T00:44:38.4Z,299.020124,-12.365522, -0.000181994, -3.46322e-06, -3.4693e-06, 0.000181956,18419.0052,15948.9845, 35268, 31627,1900,-1
a04843, 1900-11-02T01:03:21.6Z,13.947615,-32.002719, -0.000181996, -2.00782e-06, -2.00937e-06, 0.000181986,18219.9977,15922.4072, 35268, 31627,1900,-1
a04844, 1900-11-02T01:22:04.8Z,23.80082,-32.077164, -0.000182021, -1.05124e-06, -1.05027e-06, 0.000182002,18047.8484,15714.1808, 35268, 31627,1900,-1
a04845, 1900-11-02T01:36:28.8Z,33.866367,-32.27864, -0.000182021, -1.47272e-06, -1.47418e-06, 0.000181987,17721.8269,14726.8306, 35268, 31627,1900,-1
a04846, 1900-11-02T01:55:12Z,43.846334,-32.142779, -0.000182052, -6.5286e-07, -6.48125e-07, 0.000182013,17932.5392,15668.2059, 35268, 31627,1900,-1
a04847, 1900-11-02T02:08:09.6Z,53.795116,-32.248897, -0.000182049, 8.4563e-07, 8.44296e-07, 0.000181991,17709.7599,15541.074, 35268, 31627,1900,-1
a04848, 1900-11-02T02:28:19.2Z,19.001711,-12.332083, -0.000181989, -1.70081e-06, -1.71925e-06, 0.000181983,17684.7061,15818.5967, 35268, 31627,1900,-1
a04849, 1900-11-02T02:45:36Z,28.980266,-12.423508, -0.000182004, -7.7024e-07, -7.83359e-07, 0.000181994,17844.9781,15234.2073, 35268, 31627,1900,-1
a04850, 1900-11-02T03:04:19.2Z,38.888465,-12.411251, -0.000182012, -1.23227e-06, -1.25126e-06, 0.000181998,18101.4258,15733.8168, 35268, 31627,1900,-1
a04851, 1900-11-02T03:18:43.2Z,48.920574,-12.507501, -0.000182006, -1.33956e-06, -1.35799e-06, 0.000181991,16201.3348,14920.7058, 35268, 31627,1900,-1
a04852, 1900-11-02T03:53:16.8Z,36.111119,54.006195, -0.000175351, 4.87914e-05, 4.84597e-05, 0.000175661,8571.949,10562.8967, 21953, 17493,1900,-1
a04853, 1900-11-02T04:26:24Z,33.524502,52.905011, -0.000177706, 3.95775e-05, 3.923e-05, 0.000177993,15546.2907,2577.4598, 21953, 17402,1900,-1
a04855, 1900-11-10T01:19:12Z,279.878016,-26.463266, -0.000182306, -4.49212e-06, -4.37106e-06, 0.000181941,18905.4244,15838.7734, 35268, 31627,1900,-1
a04856, 1900-11-10T02:09:36Z,32.09922,54.134087, -0.000182039, 5.36382e-06, 5.13467e-06, 0.000182278,7085.6999,7079.9707, 21953, 17402,1900,-1
a04857, 1900-11-10T02:39:50.4Z,29.721504,54.438086, -0.000181983, -3.66086e-06, -3.56202e-06, 0.000182288,15103.0191,9328.1956, 21953, 17493,1900,-1
a04858, 1900-11-10T03:21:36Z,344.091464,-16.886752, -0.000181982, -2.77614e-06, -2.78304e-06, 0.000181944,18065.072,16035.4658, 35268, 31627,1900,-1
a04859, 1900-11-10T03:40:19.2Z,353.923656,-16.937382, -0.000181993, -2.721e-06, -2.73412e-06, 0.000181961,18516.4486,15656.1002, 35268, 31627,1900,-1
a04860, 1900-11-10T03:53:16.8Z,8.888531,-16.954699, -0.000181964, -1.82024e-06, -1.83553e-06, 0.000181945,18531.7671,15619.7499, 35268, 31627,1900,-1
a04861, 1900-11-10T04:14:52.8Z,18.922994,-16.992906, -0.000182012, -7.29925e-07, -7.3839e-07, 0.000181994,18465.3218,15423.1439, 35268, 31627,1900,-1
a04864, 1900-11-11T02:34:04.8Z,29.806431,54.554762, -0.000182079, 3.28324e-06, 3.55079e-06, 0.000182237,12912.6564,10060.5577, 21953, 17493,1900,-1
a04865, 1900-11-11T03:43:12Z,333.896113,-12.21563, -0.000182104, -1.59666e-06, -1.56706e-06, 0.000181992,18649.095,15242.8817, 35268, 31627,1900,-1
a04866, 1900-11-11T03:59:02.4Z,344.022414,-12.071289, -0.000182038, -3.05605e-06, -3.04313e-06, 0.000181976,18205.9316,15984.1833, 35268, 31627,1900,-1
a04867, 1900-11-11T04:17:45.6Z,353.956384,-12.049327, -0.00018205, -9.68732e-07, -9.64806e-07, 0.000182001,18285.978,16049.3519, 35268, 31627,1900,-1
a04868, 1900-11-11T04:33:36Z,3.963385,-12.101741, -0.000182011, -1.67591e-06, -1.67783e-06, 0.000181979,18129.2528,16102.3085, 35268, 31627,1900,-1
a04870, 1900-11-13T02:32:38.4Z,29.176037,54.8487, -0.000182126, -3.87595e-06, -3.26496e-06, 0.000182289,12394.5337,10884.875, 21953, 17402,1900,-1
a04871, 1900-11-13T04:00:28.8Z,353.957585,-32.068159, -0.000181998, -1.44238e-06, -1.46606e-06, 0.000181949,18653.9569,15613.259, 35268, 31627,1900,-1
a04874, 1900-11-14T02:57:07.2Z,30.303466,54.271411, -0.000182071, 9.52804e-06, 9.76891e-06, 0.000182095,4853.8667,9129.6198, 21953, 17493,1900,-1
a04875, 1900-11-14T04:22:04.8Z,353.941109,-32.001747, -0.000182024, -1.50005e-06, -1.50827e-06, 0.000181981,18904.1644,16169.9439, 35268, 31627,1900,-1
a04876, 1900-11-17T02:38:24Z,26.739258,53.574479, -0.000164561, -7.75463e-05, -7.76368e-05, 0.000164986,14730.2915,8734.3174, 21953, 17402,1900,-1
a04877, 1900-11-17T04:17:45.6Z,358.864858,-32.172424, -0.000181964, -1.78749e-06, -1.85312e-06, 0.000181986,18046.1943,14249.1424, 35268, 31627,1900,-1
a04880, 1900-11-18T01:53:45.6Z,27.246404,54.564885, -0.000165532, -7.57538e-05, -7.6208e-05, 0.000165753,10734.9017,11638.442, 21953, 17493,1900,-1
a04881, 1900-11-18T04:56:38.4Z,59.083634,-77.724879, -0.000181785, 8.41593e-06, 8.40063e-06, 0.000181883,18321.4472,14781.3234, 35268, 31627,1900,-1
a04884, 1900-11-20T03:00:00Z,25.409973,53.681806, -0.000182006, -2.82114e-06, -2.76638e-06, 0.000182292,13495.9253,9652.1506, 21953, 17402,1900,-1
a04885, 1900-11-20T04:22:04.8Z,45.676914,-67.332614, -0.000182009, 6.9861e-08, 4.0597e-08, 0.000182067,18190.2049,15080.7627, 35268, 31627,1900,-1
a04886, 1900-11-20T04:36:28.8Z,46.035116,-77.569182, -0.000182022, -1.57441e-07, -2.36621e-07, 0.000182136,16912.4991,15082.6374, 35268, 31627,1900,-1
a04887, 1900-11-21T02:52:48Z,339.048035,-42.072302, -0.000182047, -1.39244e-06, -1.43891e-06, 0.000181986,18058.5988,15431.2127, 35268, 31627,1900,-1
a04888, 1900-11-21T07:42:14.4Z,89.552863,-77.949453, -0.000181965, 4.16705e-06, 4.07365e-06, 0.000182086,17505.744,14544.3573, 35268, 31627,1900,-1
a04889, 1900-11-22T00:28:48Z,24.709389,53.489303, -0.000182758, 2.43174e-06, 2.5051e-06, 0.000182299,12372.5303,9309.7981, 21953, 17493,1900,-1
a04890, 1900-11-22T01:40:48Z,30.171137,-77.393673, -0.000181978, 3.15803e-06, 3.22138e-06, 0.000182088,18522.9538,14562.755, 35268, 31627,1900,-1
a04891, 1900-11-24T03:41:45.6Z,24.703322,52.652872, -0.000182382, -1.79331e-06, -8.81642e-07, 0.000182318,11185.4476,9491.6165, 21953, 17402,1900,-1
a04892, 1900-11-24T04:59:31.2Z,26.286731,-72.25931, -0.00018204, 3.1304e-06, 2.99398e-06, 0.00018203,18990.9441,14643.352, 35268, 31627,1900,-1
a04893, 1900-11-24T06:20:09.6Z,66.513827,-72.501536, -0.00018195, 4.00472e-06, 3.92731e-06, 0.000182001,19590.9662,14791.6385, 38243, 31327,1900,-1
a04894, 1900-11-24T07:30:43.2Z,97.464326,-72.830307, -0.000181912, 4.12386e-06, 4.17327e-06, 0.000182001,18701.558,14734.0463, 38243, 31327,1900,-1
a04895, 1900-11-24T08:32:38.4Z,137.352827,-78.050168, -0.000181943, 4.81551e-06, 4.86642e-06, 0.00018205,17576.2565,14736.5139, 35268, 31627,1900,-1
a04896, 1900-11-27T08:45:36Z,118.372679,-77.870574, -0.000181847, 7.45704e-06, 7.40433e-06, 0.000181961,18939.7344,14795.783, 35268, 31627,1900,-1
a04897, 1900-11-28T02:06:43.2Z,25.677779,-72.190738, -0.000181981, 8.85493e-07, 8.54391e-07, 0.000182044,18047.8708,14442.4097, 35268, 31627,1900,-1
a04898, 1900-11-28T04:35:02.4Z,24.871273,51.16996, -0.000182257, 3.8199e-06, 4.47479e-06, 0.000182427,7726.7572,4619.2057, 21953, 17493,1900,-1
a04899, 1900-11-28T06:54:43.2Z,65.348704,-62.629125, -0.000181966, 3.55692e-06, 3.48898e-06, 0.000181969,20113.9479,14796.1546, 38243, 31327,1900,-1
a04900, 1900-11-28T08:19:40.8Z,103.601702,-77.621304, -0.000181808, 8.63013e-06, 8.54362e-06, 0.000181904,18630.9041,15084.165, 35268, 31627,1900,-1
a04901, 1900-11-29T01:39:21.6Z,22.527171,53.243552, -0.000182097, -8.97288e-07, -9.08932e-07, 0.000182277,13679.1553,13655.4526, 21953, 17402,1900,-1
a04902, 1900-11-29T03:00:00Z,43.460861,-82.444971, -0.000181768, 8.96674e-06, 8.97576e-06, 0.000181959,17840.7335,14137.4984, 35268, 31627,1900,-1
a04903, 1900-11-29T04:10:33.6Z,65.08848,-82.594117, -0.000181645, 1.10719e-05, 1.11138e-05, 0.000181828,17888.6226,14211.9497, 35268, 31627,1900,-1
a04904, 1900-11-29T06:02:52.8Z,73.059011,-57.888457, -0.000181959, 3.24395e-06, 3.20573e-06, 0.000181981,17731.5754,14433.2248, 35268, 31627,1900,-1
a04905, 1900-11-29T07:24:57.6Z,87.245484,-82.658227, -0.000181715, 1.04064e-05, 1.02636e-05, 0.000181859,17940.0007,14560.4311, 35268, 31627,1900,-1
a04906, 1900-11-29T08:32:38.4Z,109.620108,-82.918751, -0.000181557, 1.27435e-05, 1.2635e-05, 0.000181721,17859.0184,14354.3787, 35268, 31627,1900,-1
a04909, 1900-12-09T03:59:02.4Z,28.952708,-32.15958, -0.000182009, -1.30108e-06, -1.32997e-06, 0.000181979,18270.0823,14950.0024, 35268, 31627,1900,-1
a04910, 1900-12-09T04:16:19.2Z,38.944544,-32.225778, -0.000182011, -1.73978e-06, -1.76871e-06, 0.000181997,18048.788,14746.4089, 35268, 31627,1900,-1
a04911, 1900-12-09T05:38:24Z,73.108536,-62.991017, -0.000181983, 3.16062e-06, 3.1192e-06, 0.000182019,19470.8734,14816.2359, 38243, 31327,1900,-1
a04912, 1900-12-09T05:55:40.8Z,48.896391,-31.769765, -0.000182049, -1.30065e-06, -1.3259e-06, 0.000182005,18306.7494,14467.2637, 35268, 31627,1900,-1
a04913, 1900-12-09T06:15:50.4Z,59.106663,-31.859507, -0.000182041, 2.855e-09, -3.8045e-08, 0.000182015,17537.9138,14496.9644, 35268, 31627,1900,-1
a04914, 1900-12-12T02:28:19.2Z,334.439345,-47.230896, -0.000182217, -1.87551e-06, -1.89657e-06, 0.000181997,18135.3315,14765.5991, 35268, 31627,1900,-1
a04915, 1900-12-12T09:08:38.4Z,145.892895,-68.184801, -0.000182006, 2.18585e-06, 2.16526e-06, 0.000182066,17867.9189,15027.4819, 35268, 31627,1900,-1
a04917, 1900-12-15T03:10:04.8Z,333.693292,-45.432996, -0.000182526, -2.30065e-06, -2.14422e-06, 0.000182005,19539.9611,15289.3346, 35268, 31627,1900,-1
a04918, 1900-12-15T04:35:02.4Z,43.599989,-47.094187, -0.000181999, 1.1615e-06, 1.11073e-06, 0.000181975,17983.6438,15062.5176, 35268, 31627,1900,-1
a04919, 1900-12-18T01:09:07.2Z,333.565854,-44.02377, -0.000182074, -1.96508e-06, -2.01088e-06, 0.000181974,18619.959,15462.167, 35268, 31627,1900,-1
a04920, 1900-12-18T03:14:24Z,28.891708,-47.295148, -0.000182022, -1.54678e-06, -1.59115e-06, 0.000182007,18324.5786,14819.0815, 35268, 31627,1900,-1
a04921, 1900-12-18T04:30:43.2Z,38.856921,-37.207168, -0.000182036, 1.07111e-06, 1.0351e-06, 0.000182,18096.1503,15052.6528, 35268, 31627,1900,-1
a04924, 1900-12-20T01:33:36Z,339.317845,-42.069749, -0.000182119, -2.4467e-08, -6.6201e-08, 0.000182011,18078.031,15067.788, 35268, 31627,1900,-1
a04925, 1900-12-22T02:49:55.2Z,84.221629,-52.699739, -0.000182011, 1.22092e-06, 1.23114e-06, 0.000182016,17979.8667,14995.1919, 35268, 31627,1900,-1
a04927, 1900-12-23T03:18:43.2Z,74.643701,-77.591702, -0.000181898, 5.99037e-06, 6.00117e-06, 0.000182015,17903.5489,14807.9225, 35268, 31627,1900,-1
a04928, 1900-12-27T03:04:19.2Z,86.053474,-67.752402, -0.000181959, 3.67528e-06, 3.71809e-06, 0.000182005,18905.4069,14547.0183, 38243, 31327,1900,-1
a04929, 1900-12-27T04:19:12Z,129.798594,-27.817269, -0.000182023, -1.56717e-06, -1.57607e-06, 0.000181994,17704.3419,15300.373, 35268, 31627,1900,-1
a04930, 1900-12-28T00:40:19.2Z,326.186545,-38.130287, -0.000182156, -2.23477e-06, -2.23658e-06, 0.000181974,18584.3313,14894.475, 35268, 31627,1900,-1
a04931, 1900-12-28T01:30:43.2Z,333.450588,-38.039366, -0.000182238, -9.29654e-07, -9.04646e-07, 0.000181978,19084.4735,15261.9528, 35268, 31627,1900,-1
a04932, 1900-12-28T03:00:00Z,39.330757,-41.90487, -0.000181864, 6.26995e-07, 4.26551e-07, 0.000181972,18234.9243,17033.0486, 35268, 31627,1900,-1
a04933, 1900-12-28T04:22:04.8Z,54.278108,-42.353365, -0.000182008, 1.59401e-06, 1.55095e-06, 0.000181984,18556.1279,15086.5796, 35268, 31627,1900,-1
a04934, 1900-12-29T00:47:31.2Z,325.965192,-37.591036, -0.000182204, -1.32111e-06, -1.30255e-06, 0.000181975,19077.8167,15708.296, 35268, 31627,1900,-1
a04935, 1900-12-29T01:46:33.6Z,333.351286,-37.539884, -0.000182375, -2.02045e-06, -1.92213e-06, 0.000181984,19493.233,15647.54, 35268, 31627,1900,-1
a04936, 1900-12-29T02:55:40.8Z,29.42216,-27.069696, -0.000182015, 1.81126e-07, 1.62351e-07, 0.000181971,19154.2219,15039.4642, 35268, 31627,1900,-1
a04937, 1900-12-29T04:13:26.4Z,39.535791,-27.030603, -0.000182021, 1.17856e-06, 1.16408e-06, 0.000181962,18062.0788,15518.5435, 35268, 31627,1900,-1
a04938, 1900-12-30T00:51:50.4Z,354.775275,-21.978477, -0.000182006, -3.23542e-06, -3.24662e-06, 0.000181961,18328.8663,15090.9718, 35268, 31627,1900,-1
a04939, 1900-12-30T01:09:07.2Z,4.707603,-22.029657, -0.000181994, -3.30596e-06, -3.32198e-06, 0.000181963,17988.1058,14664.2276, 35268, 31627,1900,-1
a04940, 1900-12-30T01:35:02.4Z,14.741072,-21.787071, -0.000181792, -8.13304e-07, -8.19816e-07, 0.000182024,17294.3864,16219.6076, 35268, 31627,1900,-1
a04941, 1900-12-30T02:02:24Z,24.627394,-22.012456, -0.000182006, -1.81214e-06, -1.82931e-06, 0.000181982,18187.0852,15107.208, 35268, 31627,1900,-1
a04942, 1900-12-30T02:26:52.8Z,29.473526,-37.269011, -0.000182037, 2.0941e-07, 1.76874e-07, 0.000182017,18044.1315,14932.6933, 35268, 31627,1900,-1
a04943, 1900-12-30T02:41:16.8Z,34.355472,-37.303421, -0.00018202, -5.25979e-07, -5.55842e-07, 0.000182006,18366.0076,14972.4838, 35268, 31627,1900,-1
a04944, 1900-12-30T03:02:52.8Z,44.374414,-37.420773, -0.000182026, 1.18892e-06, 1.1589e-06, 0.000182009,18196.1864,14482.3761, 35268, 31627,1900,-1
a04945, 1900-12-30T03:18:43.2Z,94.349735,-37.791239, -0.000182026, 8.83636e-07, 8.76288e-07, 0.000182022,17882.6371,15105.7353, 35268, 31627,1900,-1
a04946, 1900-12-30T03:37:26.4Z,109.318882,-37.970426, -0.000182057, 4.198e-09, 4.462e-09, 0.000182047,18169.0846,14760.764, 35268, 31627,1900,-1
a04947, 1900-12-30T03:53:16.8Z,59.271666,-42.409167, -0.000182018, 2.25569e-06, 2.21451e-06, 0.000182009,18080.5773,14876.278, 35268, 31627,1900,-1
a04948, 1900-12-30T04:13:26.4Z,69.30656,-42.460843, -0.000182046, 1.56156e-06, 1.52589e-06, 0.000182035,17880.8273,14963.0777, 35268, 31627,1900,-1
a04949, 1900-12-30T04:32:09.6Z,79.192286,-42.677478, -0.000182048, 3.53571e-07, 3.27913e-07, 0.000182045,18074.5308,14419.4849, 35268, 31627,1900,-1
