Coordinate Number, RA_CTR, DEC_CTR, Radius 
0, 286.7105686157586, 58.47050692676581, 100 
1, 110.21117555536584, -76.85561435566444, 100 
2, 236.92990052962745, -7.08426250849557, 100 
3, 11.830643913500163, -46.95351756038576, 100 
4, 188.14460268916002, -1.1184583329738018, 100 
5, 295.106356864084, -71.49980195631136, 100 
6, 52.30556152314615, 35.29037191589498, 100 
7, 349.77264532672996, -70.76181468691652, 100 
8, 93.51914714370997, -2.92332661653343, 100 
9, 236.51341989234547, -11.227267706570004, 100 
10, 267.95002222338684, 18.615769205261316, 100 
11, 275.4556176424065, -59.376213588688685, 100 
12, 139.8532780853192, 37.19413196175449, 100 
13, 67.93772204550581, 11.683174082939203, 100 
14, 304.6024887315824, 14.20281228602667, 100 
15, 30.508293765173132, 41.96702982897088, 100 
16, 285.32931736520436, 13.669481253036935, 100 
17, 179.70881718256055, -62.79174357248374, 100 
18, 207.28664626721346, 52.77264871939411, 100 
19, 238.736778492396, 37.826120325951564, 100 
20, 187.00565191884616, 14.612180863850213, 100 
21, 235.92849791444434, -45.332687779964004, 100 
22, 331.1452315939889, -71.81798357128578, 100 
23, 222.00370969799204, -71.00622279620517, 100 
24, 318.89784729625234, 48.580728313344395, 100 
25, 322.7604803444583, -69.12308018777915, 100 
26, 132.13056548171826, -47.642937779108564, 100 
27, 344.43014753513245, -69.51508701824068, 100 
28, 6.711206768896685, 84.79751621258853, 100 
29, 145.5366139146164, 11.558643201232698, 100 
30, 115.09620255524176, -26.569065965982873, 100 
31, 75.8564878709358, -37.81162162573482, 100 
32, 309.20238482648625, 32.543400179950766, 100 
33, 352.9834963569584, -64.45366698923158, 100 
34, 275.4312578593426, -3.997525718419695, 100 
35, 135.32374930600557, 20.108161739306624, 100 
36, 48.33720162345617, -84.26674999205026, 100 
37, 133.34464623449784, -54.77658872181476, 100 
38, 152.34781962823374, -37.83745828624111, 100 
39, 260.4302199385579, -55.74251387224004, 100 
40, 337.38020339344723, 74.73174136376176, 100 
41, 309.38489396661254, 45.57674799601355, 100 
42, 210.01931440972706, -34.25240289375265, 100 
43, 18.462930350827143, 25.62098235482152, 100 
44, 81.18944575584739, 64.61848360333133, 100 
45, 350.15186787851286, -45.525775926372944, 100 
46, 9.458569972300328, 21.060843671054243, 100 
47, 173.14019260832595, 16.62768826443164, 100 
48, 47.82866338216098, 54.626770010697214, 100 
49, 268.384701060897, -1.9517040990168084, 100 
50, 13.311182353586384, 49.173172272235774, 100 
51, 245.1539309881708, -52.27335249047346, 100 
52, 92.83080820097206, 38.91048925568688, 100 
53, 237.69178664848124, 14.871921556983096, 100 
54, 115.21081873814505, 33.10114196436041, 100 
55, 179.69824156919148, 33.574140917012826, 100 
56, 323.652339370248, 57.56415589469148, 100 
57, 187.2801243892351, -52.690075294409034, 100 
58, 123.50122652430883, 49.40143851958331, 100 
59, 55.13313148984545, 75.00395877567016, 100 
60, 155.16030030484632, -7.677985055799766, 100 
61, 25.596136497531695, -4.9314624229853905, 100 
62, 33.853443740144385, 39.29997341132014, 100 
63, 174.12963021254342, 5.7232776957494025, 100 
64, 47.4741960634455, -26.632154015525707, 100 
65, 152.34188344186856, -54.11427012093484, 100 
66, 163.4090768638599, -18.227900010857468, 100 
67, 296.62151036421795, 20.66005018206647, 100 
68, 27.47476446671898, -18.043065969968723, 100 
69, 30.427191389811654, -60.09130740637142, 100 
70, 253.03771020033525, -12.559891704127594, 100 
71, 195.95671530290804, 32.67275231501246, 100 
72, 301.7777379144855, -15.45563873077775, 100 
73, 70.61177931899933, 71.2806928581935, 100 
74, 31.343655994805935, -9.560043255604157, 100 
75, 284.05811438936445, 4.368746218018416, 100 
76, 211.82506557824442, -23.89195540028726, 100 
77, 156.20227233602623, -5.291297980742385, 100 
78, 74.0437280430732, -9.136872130058492, 100 
79, 267.47962405412534, -29.9696859063288, 100 
80, 199.4720279179029, -79.25221491272005, 100 
81, 125.43256057855389, 7.297275016914611, 100 
82, 67.0796362984234, -27.910572205791205, 100 
83, 23.766884474393105, 3.7694363492681333, 100 
84, 323.9965531005416, 24.482465400257098, 100 
85, 20.33198229519816, 48.40825662817528, 100 
86, 100.44450620470063, -54.053663629734615, 100 
87, 112.21453407982393, 64.44833804484787, 100 
88, 314.666908433648, 30.42776644599607, 100 
89, 253.52641848261342, -24.64535766128681, 100 
90, 331.85819429213876, -10.037570691026843, 100 
91, 224.8472506762802, -3.349471633421004, 100 
92, 236.22909250353902, -18.277613422597398, 100 
93, 133.39549430643285, 30.185420686973004, 100 
94, 267.7074072396197, -0.20979451716586084, 100 
95, 16.718645343496654, 7.840023421392729, 100 
96, 152.3756406072266, -25.41134602392252, 100 
97, 69.76395396356162, -51.43107683111389, 100 
98, 12.120395625712694, -34.61684475374474, 100 
99, 177.97886416806892, -22.825042855587114, 100 
100, 144.8524196433666, -73.47513556407708, 100 
101, 277.1856626515057, -26.91212561646452, 100 
102, 69.17832657367882, 55.84838562015736, 100 
103, 21.38439057870694, -11.98884904613476, 100 
104, 298.76221476912326, -49.97152072749441, 100 
105, 291.8951622045111, -26.0811866869198, 100 
106, 334.6835925052081, -79.74790640800163, 100 
107, 327.8934104939748, -71.67293352710047, 100 
108, 204.33244665180942, -48.53404469193462, 100 
109, 227.70921470226438, -26.04022297913407, 100 
110, 213.14880912689557, -35.605643045498766, 100 
111, 242.94331389690015, 59.184222994220875, 100 
112, 195.2006219828412, -12.105184490419532, 100 
113, 277.7321965217621, -37.166222573315096, 100 
114, 314.0564226929537, 2.6703871866977806, 100 
115, 144.1054917597531, 5.933447181757828, 100 
116, 314.00020111324443, 0.7253761427720775, 100 
117, 200.49814065842054, 10.96225313836878, 100 
118, 167.32777222461024, 65.3061978447295, 100 
119, 295.10884481976376, 61.18313077913308, 100 
120, 72.29637614198933, -85.46500373386603, 100 
121, 297.15874481510275, -41.007197851492926, 100 
122, 137.11618370475352, -31.83804552279691, 100 
123, 189.3941662384559, 54.4923946851859, 100 
124, 153.99973403641002, 12.27565729192601, 100 
125, 359.6379917948046, -6.641803456367171, 100 
126, 27.538680272770627, -17.165817647119084, 100 
127, 32.5271855827681, 14.781025148786853, 100 
128, 289.4022507636787, -48.36793316782231, 100 
129, 245.6851023423292, -24.903652932464425, 100 
130, 316.12800963238953, -65.0878993088661, 100 
131, 261.717212213226, 48.136486491261394, 100 
132, 284.0648561438518, -38.038445659357556, 100 
133, 48.719291943759714, -57.49622394429228, 100 
134, 244.86442284218893, -66.6333741317826, 100 
135, 251.63792363970745, 36.44191141115182, 100 
136, 175.99840250430134, -83.2167087033869, 100 
137, 174.71864378696856, -22.082653252164732, 100 
138, 248.09092584385246, -36.982349814497546, 100 
139, 324.05169800213577, 6.444438213054212, 100 
140, 189.03489755856927, 9.62756093047689, 100 
141, 99.41255468417626, 16.75194481047187, 100 
142, 278.03784114166257, -24.620688275432798, 100 
143, 210.9171130159982, -13.784574888988246, 100 
144, 150.96845477652462, -70.66758016091039, 100 
145, 169.71063283876808, 54.28697895110611, 100 
146, 47.3092285923587, -33.22059853029547, 100 
147, 156.0111262551549, -10.831477682562934, 100 
148, 265.5161726889089, 15.809298021237709, 100 
149, 36.32897707865661, -39.096395456793005, 100 
150, 253.82331293828798, 63.563899149798345, 100 
151, 107.17948795997266, 0.95083123872962, 100 
152, 289.11143506033676, 67.54080404643, 100 
153, 97.53401479342357, 38.78313690327667, 100 
154, 200.28838492965664, -29.184089998922893, 100 
155, 79.91177412241446, -42.54269997324869, 100 
156, 35.857146840812405, -9.090776776299776, 100 
157, 136.7083038570375, -31.5580756518236, 100 
158, 266.2140274618682, -50.61012909498986, 100 
159, 327.58215614823456, 45.351406565474576, 100 
160, 300.72063097702346, 22.7536786082933, 100 
161, 198.68141367525334, -59.292603173617564, 100 
162, 301.3070943057286, -52.99076381556939, 100 
163, 6.36534753863828, 0.3031536937652817, 100 
164, 215.0457704071865, 2.2015635914881955, 100 
165, 217.97230766765364, 25.729860960918558, 100 
166, 253.55384387846556, -17.539060942098615, 100 
167, 163.6616504939687, 10.304245806507396, 100 
168, 220.09081837702723, 4.232262924325411, 100 
169, 181.97695637732002, 12.823970833658677, 100 
170, 125.24207707707279, 5.846769274869828, 100 
171, 135.7472463773349, 74.30944948092056, 100 
172, 74.68343635980554, -4.605286611767397, 100 
173, 240.16023267992483, -13.831161059734654, 100 
174, 136.39301550591273, 29.13234205956367, 100 
175, 145.80746276106493, -72.8835181002062, 100 
176, 26.560761291457133, -32.81365736734995, 100 
177, 198.44217959235493, 23.000263045136137, 100 
178, 242.16453981676653, 41.26078934190858, 100 
179, 132.72339745479715, 53.915013333766154, 100 
180, 60.2533866120672, -27.22014255341302, 100 
181, 169.67794518568223, -50.36394836830442, 100 
182, 116.86982589436778, 37.45524510541411, 100 
183, 29.424204912532097, -14.254917237932176, 100 
184, 319.9045169965501, -1.1827806602803292, 100 
185, 105.01119327446226, 19.13197317025194, 100 
186, 350.19311530251133, 26.052614868276265, 100 
187, 187.25857289761439, 61.738156763837, 100 
188, 298.13636898578864, 35.66341388797723, 100 
189, 328.175473074746, 14.29478446865248, 100 
190, 332.9408253142449, 12.791442585336611, 100 
191, 310.7187788542325, 3.897370208728887, 100 
192, 193.86627243368403, -32.614280302612805, 100 
193, 186.5196091567135, -80.70881151742972, 100 
194, 207.68535223499512, 13.125057142598422, 100 
195, 129.4524618103813, -31.56737958200965, 100 
196, 23.36403479539399, -23.21564427256432, 100 
197, 179.6316329159848, -8.071095267115325, 100 
198, 76.3053863505777, 0.709926959103683, 100 
199, 209.00054964155848, 4.91806468566547, 100 
200, 39.05979045825242, 18.839331897942316, 100 
201, 304.92427080428945, 21.35870602284784, 100 
202, 16.513074245562166, 43.11251902532993, 100 
203, 217.10379825241088, 39.97610604275147, 100 
204, 253.08855433990558, 21.56439808311039, 100 
205, 88.65009686828195, -16.06198440906084, 100 
206, 144.70636976153412, -0.6966328571303535, 100 
207, 98.3854937157176, -32.96160556503335, 100 
208, 147.2059977566832, -50.88519248841801, 100 
209, 164.40495061301786, -51.08440332964979, 100 
210, 25.045748076107024, 9.554570006204756, 100 
211, 205.00127136005347, 8.653759845309509, 100 
212, 169.99023948206286, -21.852361020216335, 100 
213, 347.0986949934735, -6.7589633744807, 100 
214, 302.90288887621705, -36.93877862564585, 100 
215, 191.26944340606923, 29.355619406347344, 100 
216, 342.38675095121687, 36.26683361853682, 100 
217, 302.90601891376025, 40.20887057806388, 100 
218, 342.45612886808334, 0.8386844409468921, 100 
219, 208.74644959496246, -26.234700732111328, 100 
220, 132.94421077121535, -66.85376115120808, 100 
221, 277.88345848554627, -10.366771856089187, 100 
222, 244.29379442892227, -56.82332652977717, 100 
223, 314.78192452645254, -73.25578742535409, 100 
224, 83.99417073907418, 6.710914959202512, 100 
225, 65.17189381405421, -5.430566535669243, 100 
226, 160.0180839816869, 27.957279820598657, 100 
227, 169.77113058679916, 23.761615928396367, 100 
228, 337.427993978069, -18.725750262541084, 100 
229, 268.68186902973946, -42.7953398505397, 100 
230, 65.16929113964727, 3.527317045772591, 100 
231, 10.598065308000972, 50.54868332359345, 100 
232, 247.19412698231866, -55.401756943872925, 100 
233, 200.2785042719707, -54.07275088043539, 100 
234, 120.39478249897218, 51.69428269629529, 100 
235, 219.7331831155926, -77.1748927894385, 100 
236, 241.5596325228209, 26.579645847590044, 100 
237, 344.1577491466686, 34.58195753342787, 100 
238, 118.76685277774622, -28.323537523093826, 100 
239, 344.7972738820302, 25.65419409494794, 100 
240, 20.57857457164362, 42.06852955853671, 100 
241, 187.75885736174638, -47.30374170276043, 100 
242, 146.33938258917374, 48.23442970926641, 100 
243, 253.7976047706117, 59.464042425816814, 100 
244, 301.51576071550045, -62.50768729555121, 100 
245, 220.88196143634394, -32.86588792395151, 100 
246, 316.6389298008013, 51.172338015622074, 100 
247, 258.89708259245145, -24.108236257934138, 100 
248, 245.5953489866933, 29.0565712948967, 100 
249, 75.77791058989152, 35.98996581510802, 100 
250, 331.546422706668, -29.88995043854672, 100 
251, 83.82474616678155, 18.600176390201753, 100 
252, 59.78639871271635, 16.077087145646175, 100 
253, 123.272070490329, 49.56576511458965, 100 
254, 160.63164220634567, 1.4534788326923689, 100 
255, 188.28233624534494, -1.41153808306656, 100 
256, 259.9437142879868, -18.734511008536998, 100 
257, 311.38124881842947, 64.61809865090049, 100 
258, 62.5606199713866, -17.184242080117386, 100 
259, 343.5032293175614, -36.0805973237287, 100 
260, 1.668391717781308, 74.9918598589386, 100 
261, 58.90328426819734, 21.634957912072963, 100 
262, 157.86565957034438, -52.703577376102835, 100 
263, 177.89959664293775, -29.165225647320526, 100 
264, 176.25944931447754, 2.423283088107695, 100 
265, 282.5231260235944, -48.45311458865869, 100 
266, 329.3582963845045, -30.292538432617924, 100 
267, 5.442861529119205, 7.147242725888603, 100 
268, 239.69193172337893, -27.220143309170282, 100 
269, 129.1724292318743, 59.49812875210799, 100 
270, 207.95834037325983, 30.023738542300876, 100 
271, 208.27172696787227, 24.517723443503954, 100 
272, 59.59337759462121, 18.09531367842007, 100 
273, 224.24365952963413, -55.87523991154143, 100 
274, 57.553403955870095, -13.747522857077584, 100 
275, 226.43371537040875, 18.21906266410886, 100 
276, 55.06996560345985, -8.66993826677043, 100 
277, 39.73240108292485, 46.76910676869602, 100 
278, 20.294249086998924, 47.71075129775366, 100 
279, 263.4854653333592, -54.22040625478788, 100 
280, 331.63652210854946, -21.171233114551953, 100 
281, 90.29669703629574, -6.985531723216127, 100 
282, 273.15231401762685, -47.583007108049664, 100 
283, 36.34840047083425, 51.76435659220033, 100 
284, 168.8897925050142, 48.208706688210356, 100 
285, 16.409906441024546, 7.368565443352409, 100 
286, 47.87531936920797, -24.956291777808488, 100 
287, 61.83335820372357, 14.680184763113587, 100 
288, 238.78952192227257, 20.766776856796696, 100 
289, 286.6766119807447, -11.982227646124983, 100 
290, 244.63312885574882, 78.52594295148344, 100 
291, 82.08364874425253, 14.726803369684859, 100 
292, 227.43175507394943, -38.41467374018446, 100 
293, 121.07985109405728, -11.87150763222489, 100 
294, 155.42206770707833, 16.36135335899381, 100 
295, 263.0470970124871, -61.91363297334105, 100 
296, 241.38237091693145, -20.372869495065473, 100 
297, 276.6223601083653, 25.308501164106545, 100 
298, 38.69980168212241, 65.64036986526861, 100 
299, 57.73268405529916, -41.74172515301088, 100 
300, 111.12793310912753, -63.64363261033067, 100 
301, 350.53500262487336, 6.5589352528693325, 100 
302, 316.3738274351402, -28.900544800402315, 100 
303, 188.9338690069373, 12.428250712848168, 100 
304, 314.84855369097625, 64.7918722399125, 100 
305, 153.78817808473013, 21.69419180319656, 100 
306, 159.3403086710162, -5.5966798651248695, 100 
307, 308.91621871534886, 27.213456309596125, 100 
308, 173.06494755123305, 45.08756445014669, 100 
309, 101.76388084345781, -43.52367732095062, 100 
310, 69.83559293068613, -27.63236501736106, 100 
311, 136.95099445399322, -59.091706272220634, 100 
312, 119.90854061904922, -7.552875059353013, 100 
313, 100.78651639533697, 42.621434052495516, 100 
314, 292.74845438783626, 4.581295359883654, 100 
315, 56.11288088464696, -55.2740991868753, 100 
316, 224.36890731901013, -14.37990379772134, 100 
317, 215.7571933267105, 70.48181182475267, 100 
318, 41.49306443751569, 75.32047395994289, 100 
319, 196.9839161696343, -7.294707966651387, 100 
320, 307.4011182661231, -29.70029713049003, 100 
321, 131.82244296516237, 34.4782228698767, 100 
322, 253.24120842096903, -56.919860113867145, 100 
323, 36.76797051153975, -0.26750684131133085, 100 
324, 231.10606752574867, -8.883544162122618, 100 
325, 236.11339658533564, 19.942804013090807, 100 
326, 219.9090269901665, 15.219813080384526, 100 
327, 78.21989024265463, 21.142447007901325, 100 
328, 267.3521386230707, -71.25929502111165, 100 
329, 64.34833699929348, -52.32702372152033, 100 
330, 91.38714484137115, 3.7819342927952135, 100 
331, 206.85039619169478, 27.42152643224952, 100 
332, 46.007002769694715, 74.35177202547393, 100 
333, 351.068427497891, 31.205384558953313, 100 
334, 281.38233913968946, -59.25699798001072, 100 
335, 77.81891556426329, 68.85955650541169, 100 
336, 202.93791142941598, 38.17755263984404, 100 
337, 206.55983188844394, 24.17095157344278, 100 
338, 332.33522718315606, 1.3771073138627656, 100 
339, 282.59750941434595, -3.2191182145204067, 100 
340, 234.85974489036616, 50.16311410517835, 100 
341, 27.28671544512784, -39.967444604673425, 100 
342, 330.12855707039154, 56.91388788813276, 100 
343, 2.373454474946155, 63.171436807754986, 100 
344, 246.986293318837, -59.82416283591421, 100 
345, 172.0980824798336, -60.0305602485807, 100 
346, 189.42451904082102, -47.169389676765235, 100 
347, 144.97373013543302, -78.42424202282372, 100 
348, 11.66241916740185, 29.45375876159821, 100 
349, 188.13416749537225, -16.062857706359836, 100 
350, 196.68841347575864, 30.007650813208528, 100 
351, 127.80420764761703, 23.70871255847048, 100 
352, 164.74477464691748, -15.85493712501227, 100 
353, 338.5023172431966, 19.19525242688148, 100 
354, 78.27488543397426, -27.141521411631956, 100 
355, 328.2340935623521, -11.519814939943075, 100 
356, 220.04633383372234, -40.60677489742771, 100 
357, 92.96665573745038, 41.42473018913219, 100 
358, 316.8230966559723, 25.91429388058735, 100 
359, 120.64042679536178, -32.74099037476463, 100 
360, 70.72268048608453, -13.887044190493256, 100 
361, 120.01384586057787, -34.55455159096044, 100 
362, 150.40569059577012, -53.48647366391172, 100 
363, 127.63220833631561, -45.96475228994038, 100 
364, 124.44310750225205, 69.64372989557347, 100 
365, 348.68659502412834, -27.447701635188487, 100 
366, 213.04023417398986, -57.12916238538843, 100 
367, 326.07176656410996, -76.0898793669586, 100 
368, 260.6609378716387, -62.22782483724673, 100 
369, 102.70084645469753, 29.791824126884052, 100 
370, 85.71159577928698, 49.24862343177412, 100 
371, 332.35934397324246, 85.83382938624618, 100 
372, 103.04411461239745, 14.340482105620268, 100 
373, 40.041891672022224, -46.41190160158343, 100 
374, 222.82191707113458, 55.530185349286626, 100 
375, 272.12084907155815, -23.482533018495957, 100 
376, 58.841287920769695, 38.996106186572064, 100 
377, 352.39207828693645, 17.708262168471435, 100 
378, 68.3765604922073, -22.952444557218087, 100 
379, 276.7330127183826, -9.876735607139878, 100 
380, 61.316862803218406, -40.05263811214761, 100 
381, 183.58416675535014, 23.9766196528724, 100 
382, 28.486227636602337, -14.16564510031796, 100 
383, 228.83285619225745, -27.662068066618964, 100 
384, 79.71786193441955, -5.861803505368087, 100 
385, 103.35036384127919, -14.327833758296677, 100 
386, 237.69213439407693, 69.75823073660106, 100 
387, 86.90718946672051, -1.8074918725253184, 100 
388, 152.39315863144182, -29.729472588240135, 100 
389, 30.04079948657578, 13.018109380747617, 100 
390, 97.72239775671991, 50.171029438728056, 100 
391, 144.04715306112112, -17.104353556163716, 100 
392, 255.32482670023342, 18.440533815856412, 100 
393, 154.76921908318505, 46.63219794304595, 100 
394, 353.3213130844465, -16.433428304482632, 100 
395, 100.47245560410818, 64.17143536137257, 100 
396, 278.4967565481364, 31.391220681703658, 100 
397, 310.38304738033116, -1.5957457849883525, 100 
398, 141.3137813338746, -7.110747903641808, 100 
399, 80.74033085201263, 14.8311645708647, 100 
400, 33.10427663666666, 6.657435772480156, 100 
401, 31.239213952333188, 29.868573926369862, 100 
402, 37.1567669429532, -26.599420552900497, 100 
403, 167.12773331033137, 4.95258302570096, 100 
404, 55.272642610965306, -8.310398205955835, 100 
405, 336.9483325471339, 43.71570075652792, 100 
406, 278.4970134001855, 36.800634632384515, 100 
407, 276.0105431706352, -42.544882738692195, 100 
408, 188.54340868587755, 18.141936802703185, 100 
409, 317.00798379483723, 30.34053031645628, 100 
410, 108.73803947869189, 35.02498581823035, 100 
411, 121.3005588733738, -57.52911707215974, 100 
412, 55.63201124069708, -17.1679513370579, 100 
413, 252.93396390949684, 29.37817744824845, 100 
414, 67.44076006875426, 37.62452585831184, 100 
415, 333.4863062237148, 38.81936068532079, 100 
416, 94.5370722414319, 68.33516608627716, 100 
417, 253.97032850523092, 5.7829039812456955, 100 
418, 92.23047843231359, 27.874563444759914, 100 
419, 358.59634814494495, 7.29506895927608, 100 
420, 57.467794586764725, -48.23482320435745, 100 
421, 246.59464325088277, 34.422237603937646, 100 
422, 11.90215869597164, -5.079306645363829, 100 
423, 144.71590648079192, -49.3581559879871, 100 
424, 251.00708088573947, 13.708543779452484, 100 
425, 265.1428538705148, -3.990041755065903, 100 
426, 184.05839012805234, 39.647782603853216, 100 
427, 247.64903153737464, 17.863466580373668, 100 
428, 239.84960641323346, -18.036508646255626, 100 
429, 143.81658218580182, 71.722737723421, 100 
430, 313.37890197599864, 32.81720506574102, 100 
431, 38.58296758824225, 71.8482537034904, 100 
432, 156.53270225196212, 79.26789532188008, 100 
433, 47.19443928246119, 29.109509255886195, 100 
434, 161.65187022789047, 15.660760365239327, 100 
435, 202.11760287756948, 39.048133060953916, 100 
436, 81.66922726128932, -2.6472463690166137, 100 
437, 280.264081903326, -32.513025208277625, 100 
438, 148.3189538025429, 34.74061840759457, 100 
439, 63.80012809931034, 22.51396552996829, 100 
440, 138.3677456009869, -18.729883838816946, 100 
441, 61.86330252721824, 64.42534890562564, 100 
442, 262.62902715695617, 29.308514912422353, 100 
443, 299.56164507506946, 11.201628676870868, 100 
444, 290.81635561994705, 3.92483184725117, 100 
445, 106.10471142930665, 76.45655258841353, 100 
446, 316.67219207373535, 16.23292800071566, 100 
447, 63.99279010501717, -51.485012158770594, 100 
448, 322.02126894803934, -21.60852858735646, 100 
449, 324.4162130978531, 47.65837895322801, 100 
450, 206.33343075486115, 65.83375392675958, 100 
451, 76.73873750841871, -35.98638844859731, 100 
452, 261.12328555240015, -19.71354237499287, 100 
453, 189.46556786596886, -5.370297447038752, 100 
454, 102.40780432774919, -61.83344812475453, 100 
455, 100.31440071888781, 33.696996421996175, 100 
456, 263.1630822133099, -28.892833672955604, 100 
457, 341.0674274151825, -40.57909211674979, 100 
458, 214.03851275626826, 75.2544572623616, 100 
459, 245.94467959985187, -38.512776906193174, 100 
460, 265.8244273769603, -3.593562863376846, 100 
461, 43.03014515505214, -47.387502243845276, 100 
462, 195.5868768592869, -42.67854398792194, 100 
463, 77.44667927140401, -29.096166690021008, 100 
464, 57.11855341667685, -5.24145021384642, 100 
465, 145.33167241456007, -70.5092372519889, 100 
466, 333.9386930694692, 36.88291135878694, 100 
467, 333.64161312632933, -21.683995864891926, 100 
468, 168.50420269245038, -38.516989191245784, 100 
469, 18.334477089759783, -48.3851062025504, 100 
470, 208.60085687400954, 2.336476067035292, 100 
471, 252.81576176361736, 4.388006766106699, 100 
472, 169.25629128728858, -29.47854406751103, 100 
473, 50.98249666284987, -31.25395615947904, 100 
474, 243.60606067692015, 60.17573110839055, 100 
475, 225.26254141181752, 67.98959980957977, 100 
476, 177.92597703015744, -41.27446557980659, 100 
477, 131.58347582531877, 13.429646164331189, 100 
478, 251.58754767169594, -42.25293523403322, 100 
479, 226.6029708111767, 30.283472719794787, 100 
480, 200.91898277592762, 39.610495936497756, 100 
481, 10.848430783215143, 54.440689455214795, 100 
482, 3.10786958741025, 0.28555769643796225, 100 
483, 64.01364248184083, -60.38814791048843, 100 
484, 141.63667259613976, 30.64212770705575, 100 
485, 285.4504947343729, 67.68324597667007, 100 
486, 310.7799323886228, 45.62112901078174, 100 
487, 201.32158552902993, 14.719479501461976, 100 
488, 286.82715488556454, 67.59349840315491, 100 
489, 261.0961036565735, -5.9994086597824605, 100 
490, 77.88292397618211, -20.180277354485014, 100 
491, 284.1023116980966, -79.15277485904343, 100 
492, 102.42574109005622, 35.29927531687581, 100 
493, 234.79182789213488, -44.59705078985443, 100 
494, 331.7674503603805, 33.992802070644984, 100 
495, 47.485688449903655, 62.87338032662086, 100 
496, 222.21548097873753, -0.7452010949445764, 100 
497, 90.73122903968222, -34.764771520640394, 100 
498, 201.50085514442898, -34.561530215376116, 100 
499, 181.33663281332753, -32.66623176046628, 100 
500, 178.19256511293656, -20.734410942935938, 100 
501, 197.60345783535703, 18.296997708369204, 100 
502, 311.7667368738403, 13.939256888115352, 100 
503, 132.6606467059068, 55.53381541760933, 100 
504, 149.0031202923178, -61.52951772525019, 100 
505, 75.30554181865156, -8.247621941641412, 100 
506, 283.898795097368, 40.36842512819797, 100 
507, 224.57279183913505, -52.11312642333822, 100 
508, 265.1019825184579, 33.73209285067162, 100 
509, 280.1573443914074, -22.689458704920582, 100 
510, 225.24272198172883, 5.466936734223395, 100 
511, 34.80324743496262, 46.84692112433643, 100 
512, 354.6695146493643, -30.786923404132587, 100 
513, 237.87961920537992, 26.18605138434266, 100 
514, 300.04392176576687, 11.931669755617605, 100 
515, 181.04321731989359, 32.36512127540834, 100 
516, 192.16861769677456, -45.18952454038055, 100 
517, 350.6941915383897, -1.5426922791201179, 100 
518, 172.36698977817142, -56.97278689502703, 100 
519, 151.82914470014794, 37.100151635687894, 100 
520, 64.58620490964555, -7.885511412155168, 100 
521, 246.77299927450662, -42.59210505101797, 100 
522, 320.8948245367693, 72.48368271778463, 100 
523, 133.8191840162314, 16.88146097759831, 100 
524, 16.788050350672062, 51.58884724376563, 100 
525, 128.6558427403128, -20.18130810217197, 100 
526, 179.6773504104346, 7.191818431433973, 100 
527, 75.06298439374342, -48.068782017622496, 100 
528, 227.75670063916624, -8.868131769856973, 100 
529, 342.8718922206972, 39.49365094153481, 100 
530, 16.759212456033964, 62.39885465243668, 100 
531, 305.4786311404615, 16.961977851876313, 100 
532, 14.570221488668253, -1.7353621339154017, 100 
533, 235.0701168858859, 15.407663343914408, 100 
534, 29.694623171683343, -22.75309257967777, 100 
535, 352.970374081603, 54.10236502140518, 100 
536, 179.48505094416336, 39.89844786337372, 100 
537, 236.9973691406568, -18.43321135842963, 100 
538, 187.02411632658107, 31.570274830391284, 100 
539, 36.8798046826344, -47.304862200603786, 100 
540, 81.73183200281723, -62.98959391506938, 100 
541, 332.52780555011094, -4.134312496102751, 100 
542, 245.06703994732473, -33.88765270359158, 100 
543, 110.70372846317859, -10.674163417519196, 100 
544, 82.4603752713629, -29.084692920907187, 100 
545, 346.36643259117, 9.536867249418734, 100 
546, 118.00296501776944, -17.49303864733885, 100 
547, 37.755531875148705, -18.03995802357646, 100 
548, 250.45314588472462, -26.404031999396473, 100 
549, 256.35325890140194, 20.407999546281843, 100 
550, 234.83164192579642, -49.075941804658044, 100 
551, 166.84506844335078, 27.528477281724562, 100 
552, 205.77100300805378, -75.78020041404335, 100 
553, 128.99549347424337, 33.977951290096726, 100 
554, 249.93102589759917, -47.47740073072751, 100 
555, 268.1072523692368, 8.899659509506279, 100 
556, 123.03893096607707, 54.42231597939417, 100 
557, 114.69487609800025, -25.232393037673518, 100 
558, 64.9393316430414, 21.67153736214233, 100 
559, 278.6069264595516, 71.3707952409247, 100 
560, 45.23870525432398, -80.36622611572862, 100 
561, 62.56507610469451, -31.746253560546442, 100 
562, 136.1058151444731, 7.943701457436148, 100 
563, 244.70713913321256, 75.49560950938789, 100 
564, 186.58757817287903, -18.026771485953503, 100 
565, 353.9551499547287, -39.73463243265343, 100 
566, 264.3435015439707, -55.04586353457453, 100 
567, 33.15637484446058, -41.09748474592289, 100 
568, 290.1615379869242, -13.051747805427297, 100 
569, 255.6235519887716, -33.887657906015875, 100 
570, 128.16040799321547, -49.05333950737452, 100 
571, 30.95599505405127, 55.646748083466406, 100 
572, 137.91302012414044, -31.740881437971282, 100 
573, 38.558360023802656, 54.78246658719391, 100 
574, 110.88847412992708, 14.107987593395194, 100 
575, 3.672917042609485, -21.217551768785242, 100 
576, 165.24572650277025, 52.02819558653047, 100 
577, 99.07020843592171, -70.4794457611183, 100 
578, 28.91055208436881, 43.19060957083269, 100 
579, 156.31198248986803, 33.55555025977945, 100 
580, 244.81729811002512, -32.9393864040788, 100 
581, 331.6336794330396, 30.438621570593483, 100 
582, 174.33995455880478, 26.11986540936344, 100 
583, 177.56437073465676, 34.23166444677999, 100 
584, 40.423344616888095, -5.817777030645445, 100 
585, 146.54522260526699, -47.874248381121596, 100 
586, 103.13903468380393, 8.036117523795255, 100 
587, 216.5815155000301, -45.34549811377206, 100 
588, 281.92926981634395, 14.620201424080264, 100 
589, 151.15034269467913, 47.166487858925336, 100 
590, 316.90819567389764, 6.667020461442291, 100 
591, 114.6168616716916, 33.98029183119458, 100 
592, 177.1966963590136, 50.653021821293635, 100 
593, 308.2391115185454, -35.34837773583349, 100 
594, 271.2550634441459, -16.323033013657422, 100 
595, 258.18718271110896, -15.148158942429163, 100 
596, 176.24796236423919, 75.1467645501429, 100 
597, 218.0815719190781, -9.09175166410833, 100 
598, 10.190584704793313, 25.733626868908374, 100 
599, 98.73725635131446, -20.29717598694313, 100 
600, 94.89943903206522, 58.993079918988684, 100 
601, 268.21949178525807, 2.4003611219660144, 100 
602, 218.38639706976403, -18.92613827154058, 100 
603, 8.232092905441233, 0.7974821144690054, 100 
604, 317.5134076376187, 58.22453342249429, 100 
605, 161.4919696949283, -28.57239606773745, 100 
606, 20.294305890391833, 6.280722747372167, 100 
607, 73.55353386192311, 4.877155336124517, 100 
608, 122.44982226373573, -63.54704234655358, 100 
609, 166.4082273667613, 9.007132391332064, 100 
610, 20.20319430327453, 55.48219862298154, 100 
611, 76.86968165790063, 21.381612339088647, 100 
612, 74.77768154090023, 30.870477569161196, 100 
613, 115.40321040719319, -82.59970119035857, 100 
614, 88.84402825510664, 4.596296397759488, 100 
615, 158.64973279123674, 51.544764124602324, 100 
616, 177.2493743644128, -48.43049945668355, 100 
617, 255.41975222201356, -62.985838243757186, 100 
618, 248.9042753779669, -42.8831160865777, 100 
619, 356.0494453340393, -25.125990138755725, 100 
620, 9.925159112468634, -57.74462914325573, 100 
621, 81.2421280753906, -66.93008736571834, 100 
622, 325.23195621842154, -18.97289957136229, 100 
623, 346.6653560269548, -17.32343927897834, 100 
624, 31.360283330959703, 17.968831154000128, 100 
625, 18.79953584481717, -2.347017779793376, 100 
626, 44.678160224283886, 8.349746562649983, 100 
627, 109.27587336375629, 62.682927684735404, 100 
628, 283.53677292149166, -40.874023667909974, 100 
629, 27.789926258387627, 43.349271505038104, 100 
630, 117.78844579743759, 23.390547637911553, 100 
631, 52.09413785329177, 16.856208834109296, 100 
632, 24.960128707760816, -11.964148103518326, 100 
633, 73.64182854360503, -23.974854044349897, 100 
634, 261.8850969105132, 60.22296632749183, 100 
635, 169.40519163759748, 7.212747413807534, 100 
636, 91.37211717283459, 72.34535127736976, 100 
637, 223.34393471638387, 26.177278317075263, 100 
638, 350.3061580572474, -46.157764595332075, 100 
639, 205.39865968063688, 47.54670383063615, 100 
640, 353.60058984161924, 44.85043984782746, 100 
641, 301.82248112710255, 21.11542115532734, 100 
642, 22.88372444438647, 14.146151563084615, 100 
643, 215.9294825092909, -39.26837406374581, 100 
644, 249.62686016343739, -26.49439107363542, 100 
645, 94.77819721812165, -0.969182483390739, 100 
646, 105.01642196558605, -29.732360791005377, 100 
647, 265.49007625797566, -27.003744479478314, 100 
648, 246.62956744955608, 31.509824137653908, 100 
649, 211.51835273941234, 75.27806286348411, 100 
650, 10.640498085950085, 5.812291575993655, 100 
651, 55.50503273757761, -13.736843089723592, 100 
652, 330.5749108942318, 57.174962007646684, 100 
653, 317.1639506554453, -64.10354535377431, 100 
654, 181.41834741814472, -58.30210134622236, 100 
655, 232.90261223629204, -29.85964378852998, 100 
656, 336.6448659276393, -12.813484816090181, 100 
657, 269.22305856135074, 59.3510920677941, 100 
658, 213.442966191899, 22.171553644065057, 100 
659, 5.509748106639356, -47.42704165252791, 100 
660, 167.39773297144094, 12.431120666399778, 100 
661, 322.77628114314564, -5.848741014865965, 100 
662, 331.7542855773318, 18.041645496344714, 100 
663, 255.51205195581753, 34.86355055257809, 100 
664, 39.36594940416046, 9.22108797566247, 100 
665, 211.65702012126104, 17.902033776333028, 100 
666, 250.7455785018343, 36.03430704393135, 100 
667, 172.64373663957758, 36.50846305477222, 100 
668, 342.93779403525934, 27.36430387766447, 100 
669, 202.3344771296298, 35.23210832553474, 100 
670, 85.97009144254127, 32.12798548939158, 100 
671, 159.44474634865506, 31.1225936072219, 100 
672, 30.391837871914227, 10.450725630204573, 100 
673, 236.77833695123857, -28.67190298857725, 100 
674, 159.14083546429526, -43.81312488812174, 100 
675, 101.43034622552575, 18.681846042247614, 100 
676, 207.2843307434428, -28.727794143150533, 100 
677, 75.33185941966566, 46.65508163189071, 100 
678, 99.69709244676035, 34.95454611212563, 100 
679, 259.8189959576003, 17.5082685876919, 100 
680, 207.87986898711122, -25.08729749371905, 100 
681, 68.07533977560566, 22.147486135242644, 100 
682, 323.08849823394394, 56.8603777456855, 100 
683, 26.9182644888362, 22.679932315866523, 100 
684, 289.6698936833902, -4.99868556430566, 100 
685, 353.77708971953206, -9.431559316038985, 100 
686, 291.44299929942326, 58.11860717424349, 100 
687, 338.9246035012202, 21.263562202742307, 100 
688, 201.63058006732115, 24.404019139298967, 100 
689, 80.91302459272652, -8.877318626640616, 100 
690, 62.75498768490011, 25.960096874038655, 100 
691, 328.6772506627001, 0.8421505835807181, 100 
692, 226.1917004126114, 34.45948694826647, 100 
693, 252.53011838805665, 41.30432754092553, 100 
694, 245.5744931967822, 12.415518036771473, 100 
695, 88.95588335367728, 9.684447725887594, 100 
696, 359.75847562706656, -49.58034909871076, 100 
697, 285.31644070981844, 17.334664804251773, 100 
698, 260.25088366807114, -33.19786084319125, 100 
699, 183.58256323036738, -13.957956985361847, 100 
700, 167.33483990251258, -21.978758407353908, 100 
701, 354.7643340251435, -16.572697632671208, 100 
702, 76.77366629076931, -33.63592710311747, 100 
703, 78.81214293864085, 39.43318041151514, 100 
704, 84.82746114523336, 16.59267377704346, 100 
705, 73.98154841904179, -16.715800509137395, 100 
706, 126.34827206862154, -12.855908104015484, 100 
707, 112.51342578944923, -62.48492429144336, 100 
708, 99.80103172671491, 17.782138798861908, 100 
709, 207.92557797012253, 7.0046710634969, 100 
710, 320.7853968871675, 18.166809662204628, 100 
711, 128.16598299463212, 70.49651308191281, 100 
712, 254.35227967704756, -47.21800109610485, 100 
713, 25.429744377480418, -56.0221449932089, 100 
714, 176.19331962180965, 11.953608410963625, 100 
715, 220.78871558452278, 0.6007061080199634, 100 
716, 339.5815322147149, 26.196461976220903, 100 
717, 290.2984975712183, -45.710229980681156, 100 
718, 34.67648216677166, 0.971718955111271, 100 
719, 29.633048787280664, -27.488133484846742, 100 
720, 219.31386052943938, -29.14439102506165, 100 
721, 249.5816610937391, -21.043757125666943, 100 
722, 68.51276185353497, -13.239216409937939, 100 
723, 22.412256755235536, -45.22170894339001, 100 
724, 234.86966891386265, -54.81304548416988, 100 
725, 148.2803856625333, 9.141434089022951, 100 
726, 276.14123431010523, -36.403182699072666, 100 
727, 21.745610618017118, -7.808003464877672, 100 
728, 346.7833050325721, -66.45249868380144, 100 
729, 111.17789873903456, 14.676282118547064, 100 
730, 218.03933371444896, 4.667488884218699, 100 
731, 335.16632040409803, 15.203116309869003, 100 
732, 295.9676776028025, -40.34637721213834, 100 
733, 102.91954237368147, -34.7896822683241, 100 
734, 116.30573912482133, 56.32130861017106, 100 
735, 239.47909689758117, 40.50178817624982, 100 
736, 229.37897104172745, 75.79384197476193, 100 
737, 313.1789473351234, -52.41142377214355, 100 
738, 112.05249681712654, -33.79313423676014, 100 
739, 251.72692875565022, 22.5322708849383, 100 
740, 234.9608524623329, 71.57407647689658, 100 
741, 187.57396216079738, 27.02680804223084, 100 
742, 296.6573419677512, 43.42824559286808, 100 
743, 155.36242030199227, 21.854308114174074, 100 
744, 277.48162420368834, -57.07829566772021, 100 
745, 216.39127153343114, 67.01408849970815, 100 
746, 88.53836642765879, -15.340152675225525, 100 
747, 179.08909944073008, -23.05730107692466, 100 
748, 23.833736855379293, 14.588870918100852, 100 
749, 310.0785772128969, -19.028699129865572, 100 
750, 199.72589114563797, -25.36333155230986, 100 
751, 202.14751213833546, -39.22409120462029, 100 
752, 153.72061395798147, -9.925332039952963, 100 
753, 338.6025666399864, 70.26660011278639, 100 
754, 248.1203796845792, 7.922069365580285, 100 
755, 49.67264126449426, 26.80213638109788, 100 
756, 45.20753967684825, -46.51128159447693, 100 
757, 161.08700558788544, -26.74018955809165, 100 
758, 168.02134569041047, -16.016498290665268, 100 
759, 209.83591385408297, -27.301458288779465, 100 
760, 31.61257268985296, -2.3685216544673295, 100 
761, 68.6046435289345, -11.456145637994993, 100 
762, 357.3327171215095, 12.932418885918224, 100 
763, 206.690474838941, -21.26012306789019, 100 
764, 104.4513734108687, 71.56699619624803, 100 
765, 173.74224946118696, -51.85323360228259, 100 
766, 346.50563309031355, 4.48408689202077, 100 
767, 118.94893175777517, 27.81358697679407, 100 
768, 271.01998950277385, -37.33431198230017, 100 
769, 330.96242631089046, 30.739544279188266, 100 
770, 17.579582643709855, 27.0674885024805, 100 
771, 173.27526286379583, -27.33854133088625, 100 
772, 136.83680326833357, -39.060939467926396, 100 
773, 49.54745603527799, -59.99478220993322, 100 
774, 277.2635787451369, 14.354216148824378, 100 
775, 206.70529592988382, -9.223761408460788, 100 
776, 141.22593244540224, 5.674590265206035, 100 
777, 91.92609237047358, -8.179631930066478, 100 
778, 24.706829882963174, 25.540386486204383, 100 
779, 239.44443736558176, -23.523889100778817, 100 
780, 215.75296759358088, -9.422683352523308, 100 
781, 313.3502520631822, 64.60518598539923, 100 
782, 183.0395753594356, -5.815980123068229, 100 
783, 302.6406899708549, 22.974707699201474, 100 
784, 58.84551798573972, -4.2239468864031835, 100 
785, 209.82369656214254, 36.640027577106196, 100 
786, 224.0067731745518, -18.351606016471464, 100 
787, 173.12980684425375, -58.36144558691994, 100 
788, 106.67254290828599, -17.357467538676445, 100 
789, 206.99585044387746, 74.01678524751972, 100 
790, 350.3011421459941, -57.334041716210216, 100 
791, 126.69068597709924, -82.53640649860782, 100 
792, 30.80615204269581, 3.9971000542134334, 100 
793, 226.24494718418885, 47.2122297135316, 100 
794, 357.65054886084647, -20.94363230600237, 100 
795, 92.77332943993919, 64.13955409298816, 100 
796, 227.62143371111372, -39.918383730923715, 100 
797, 93.01184084959209, -11.80153416235892, 100 
798, 280.4724345065214, 12.249183391638368, 100 
799, 8.725093260577266, -51.2087536910138, 100 
800, 236.68515050126234, -48.90948912288746, 100 
801, 322.0114194746703, -78.91270907786458, 100 
802, 311.13941914968893, 21.84353106959537, 100 
803, 12.911157559627036, 28.953654991482452, 100 
804, 211.84086560044844, 40.473788109826046, 100 
805, 12.606601775861872, -6.062838274418965, 100 
806, 131.21386191633084, -26.21508114755771, 100 
807, 112.8083959904261, 34.17289873973539, 100 
808, 200.65683198407154, 72.35523586451265, 100 
809, 245.77253382750314, -75.88218330893895, 100 
810, 66.69813206780164, 68.8561708199353, 100 
811, 313.520786455215, 14.35449433499059, 100 
812, 75.33475261616967, -74.37950672616036, 100 
813, 335.2286973986386, 29.21375275109638, 100 
814, 45.683615998342574, -33.12275518903653, 100 
815, 181.59648157536677, 60.70286078476934, 100 
816, 319.3054852429063, 29.53111111776478, 100 
817, 308.3261298822043, -6.041708697047127, 100 
818, 294.43466613661235, 68.64632372009314, 100 
819, 268.0884554092968, 26.405561257911373, 100 
820, 289.0339438110447, 49.44563733100006, 100 
821, 81.62944084405194, 70.02931760253969, 100 
822, 57.72216717842983, 24.451186674794556, 100 
823, 134.7912848603725, 62.084272633066035, 100 
824, 155.54742085930093, -70.7612006040755, 100 
825, 253.6112737964434, -32.152652783475006, 100 
826, 158.6834084936171, 85.83773668798548, 100 
827, 5.883114562417404, 20.713971397072626, 100 
828, 105.47280776272679, 27.89685091419767, 100 
829, 151.6832763569737, -16.585054476792976, 100 
830, 159.90840066034053, 50.80570946072976, 100 
831, 221.32652598735814, 45.297767432889344, 100 
832, 183.2016227708283, 6.209671925195977, 100 
833, 326.3261755902649, -6.353801904423904, 100 
834, 105.61053331279128, -12.372146889651432, 100 
835, 15.932312029840464, -68.20860958429601, 100 
836, 22.694443479666063, 55.159834489633994, 100 
837, 228.9396050305649, -61.480515041932776, 100 
838, 178.9179333332402, -9.392411585223755, 100 
839, 248.5039256096051, -13.255535673362331, 100 
840, 241.40394675546622, -52.921294122261415, 100 
841, 84.36725673334733, -44.685551954208634, 100 
842, 57.39029934165234, 17.72432037683464, 100 
843, 90.85409433101684, -12.204325622520528, 100 
844, 225.91140810106762, 16.60791383324326, 100 
845, 96.68111991398871, -74.15026721787896, 100 
846, 187.24172835818803, -52.46371358320572, 100 
847, 171.40977515916168, -36.90524824632078, 100 
848, 174.28923650720031, -12.926113812278544, 100 
849, 340.8038428131582, 34.15876771751647, 100 
850, 74.9959722158349, -17.687460902805313, 100 
851, 267.93407278242864, 2.3951188122639024, 100 
852, 246.30075807927457, -23.79258893392408, 100 
853, 184.57842991421896, -58.317044716456735, 100 
854, 260.8565399428597, 72.20304481190874, 100 
855, 71.62235743825002, 9.923804460504499, 100 
856, 85.57336486245813, -57.368642213213214, 100 
857, 318.0545859267809, -35.099888341449734, 100 
858, 26.78178602348153, 18.81715945630991, 100 
859, 191.57883325731757, -45.6777654092939, 100 
860, 154.15603969352603, -49.8974274636051, 100 
861, 250.70039222903188, 44.56500137990599, 100 
862, 59.07961219808965, 0.6405278999315556, 100 
863, 322.7076117265511, 42.9061128172512, 100 
864, 153.09298688137832, 2.901487994770605, 100 
865, 349.71196336911476, -82.82641310491573, 100 
866, 130.46833067504656, 26.100133248686248, 100 
867, 26.779035181959962, -62.31276092735061, 100 
868, 212.346822919425, 86.58165861214366, 100 
869, 240.37523699503188, -28.965707664578865, 100 
870, 243.90843424155017, 2.697989334623074, 100 
871, 224.52891166731112, -17.961327750837867, 100 
872, 268.7852149154216, 45.62770534202002, 100 
873, 156.24147275291094, -8.093230739269288, 100 
874, 220.71585029835762, -19.99127608773786, 100 
875, 57.81149949397734, 73.98225639347888, 100 
876, 153.24244798652313, -72.12745451673418, 100 
877, 313.73626783771823, 67.53197607533409, 100 
878, 301.96606872024677, -21.59461032562426, 100 
879, 61.53794239204542, 53.1856148100556, 100 
880, 63.61514396117291, -14.879173766621548, 100 
881, 140.7356683772243, -42.275714884508425, 100 
882, 235.58718524735568, -35.69182920706826, 100 
883, 332.4803345182748, 64.77154091837326, 100 
884, 11.620669713992328, 20.94586260697247, 100 
885, 315.1233085658313, -13.759323601216096, 100 
886, 52.85318890679889, 11.785183481263317, 100 
887, 113.14980254061706, -31.233523332387065, 100 
888, 10.050542452109084, 16.829810840337117, 100 
889, 278.1338648937617, 21.08966375666155, 100 
890, 106.05941387129064, -1.7803454828618754, 100 
891, 233.42013895474665, 5.801170682481583, 100 
892, 345.09809579344477, 58.67290291747261, 100 
893, 170.95294736250617, 57.86817728678773, 100 
894, 179.71650677219526, -3.4189003459478755, 100 
895, 0.39960545845247, 9.424228455009029, 100 
896, 234.4842772733372, 73.44585089018915, 100 
897, 270.23352882329334, 36.809203796451044, 100 
898, 196.0455634413919, 26.584762169382728, 100 
899, 306.88586614009637, 2.647519878064486, 100 
900, 243.68035151077356, -41.755987168463065, 100 
901, 164.05414736637894, 20.31887249240242, 100 
902, 302.3640583101049, -9.023128681499927, 100 
903, 155.25594502512456, -79.9534899855319, 100 
904, 162.70018818444555, 17.317082292850884, 100 
905, 237.98357218565297, -9.869468843157094, 100 
906, 1.2096318158454489, -54.74513230249952, 100 
907, 176.9598155124242, 20.268618077856445, 100 
908, 352.9152449363428, 6.389175858697982, 100 
909, 41.210075794292436, -1.8348571160227891, 100 
910, 222.6225753629276, -7.916859383398716, 100 
911, 353.0380776888454, -67.68928449823909, 100 
912, 30.787219226149606, 58.57056098494428, 100 
913, 289.940702283131, -16.85066084455127, 100 
914, 131.6932894202328, -55.17775791999271, 100 
915, 181.0827726810131, -54.362067202524734, 100 
916, 139.00547121686895, -35.76184826886994, 100 
917, 224.29666230628484, -12.034504771073642, 100 
918, 128.55068415363868, -39.65074518924809, 100 
919, 255.3071105772476, 32.74926995401195, 100 
920, 120.75344726878237, 29.00954210265695, 100 
921, 351.63110640749017, 56.30549032746791, 100 
922, 352.9451148682731, 33.45883994195647, 100 
923, 263.6299068778911, 8.914638805365968, 100 
924, 259.6201956869003, -27.798318984676747, 100 
925, 327.1876404186237, -64.940325742902, 100 
926, 290.32173984312004, 26.3515198963228, 100 
927, 224.32846656576874, -7.879732244639243, 100 
928, 239.1898437202455, 40.10087443949223, 100 
929, 339.6107567695734, -19.056281981469212, 100 
930, 228.12554877466235, -3.71975423387957, 100 
931, 78.70305466140637, -3.5418637906709733, 100 
932, 111.45960257213665, 74.29168471382226, 100 
933, 64.03428049630418, -25.407896817971448, 100 
934, 252.946718066374, 45.671839331211146, 100 
935, 331.56131299078424, -38.90348181382431, 100 
936, 37.83960180137066, 7.649714981688362, 100 
937, 354.79075163066926, -3.8922043600967555, 100 
938, 286.86817003127635, 37.430498503949366, 100 
939, 327.88504731940577, -48.12165795386168, 100 
940, 315.4640773070754, -5.412229324370898, 100 
941, 355.6827634174644, 34.743178334030574, 100 
942, 187.6994416632474, 48.416901683008575, 100 
943, 27.224904480060182, 5.627980185945717, 100 
944, 0.48961326142516803, -6.609738722383611, 100 
945, 314.8151704078712, 40.0841386276137, 100 
946, 259.870204718556, 1.0419356397915465, 100 
947, 166.77587732611948, -16.378631816570618, 100 
948, 308.66079633228577, -6.458535364303998, 100 
949, 272.23542070040446, -36.50327730816129, 100 
950, 124.70749544149642, 70.66255597338665, 100 
951, 255.16176495930156, 76.99884115216545, 100 
952, 108.64695451613478, -6.737900060994505, 100 
953, 8.526413951800258, -22.71696112329529, 100 
954, 317.6759769783964, 4.31394338345909, 100 
955, 293.8136967703768, -55.60176463105934, 100 
956, 59.057117508183026, -41.569191479423566, 100 
957, 263.4966138035229, -18.87442593898652, 100 
958, 222.933762129946, 12.05974262437482, 100 
959, 335.0688774682264, -50.74711089206438, 100 
960, 227.75346564516184, -1.6308429582613968, 100 
961, 86.30850486548545, -14.567980551574863, 100 
962, 124.99269847968439, 10.444650938356219, 100 
963, 334.50964249489544, 15.092538395631891, 100 
964, 155.37570325032863, -42.19986825513572, 100 
965, 214.27279778037578, 44.01581374276191, 100 
966, 18.5879701324707, -8.796614696061823, 100 
967, 171.514110944077, -14.490829290031058, 100 
968, 86.87009663339245, -44.40112679667904, 100 
969, 283.93581071737145, -21.9634958245353, 100 
970, 188.02866082341055, 36.30580754237954, 100 
971, 248.67645308778228, -40.83862797768922, 100 
972, 79.1634677361371, 61.81397673863631, 100 
973, 286.63394765526994, -17.026202013523644, 100 
974, 97.82031459111363, -6.055935411689603, 100 
975, 96.05437547657928, -26.219586145783147, 100 
976, 355.5840889847699, 24.33605247069447, 100 
977, 180.38631935587244, 25.41777440362503, 100 
978, 117.340598755878, -17.387707986574412, 100 
979, 67.61641242638164, -21.45912402349616, 100 
980, 14.22338932847467, 15.290724153120308, 100 
981, 201.0325187509634, -9.543147450096157, 100 
982, 44.716145819431944, -75.04100914425628, 100 
983, 307.8455569760968, -37.20571125014256, 100 
984, 218.66766370404085, -2.3941328989985777, 100 
985, 179.76598344533357, -55.53268295459983, 100 
986, 303.75877232300036, -41.4479665987314, 100 
987, 81.6291360350614, 10.980126429851651, 100 
988, 178.4226580601804, -17.892048524692882, 100 
989, 60.232176914490246, -80.63843323065933, 100 
990, 226.95135203398024, -65.79593237084642, 100 
991, 354.17758801501043, 11.226707401950307, 100 
992, 63.82236831956925, -1.505956665721996, 100 
993, 255.0511743805046, -62.996339652531546, 100 
994, 209.39550844903835, 28.39846536006216, 100 
995, 78.70422288861938, -64.59667224453896, 100 
996, 144.9274788983013, -60.39456215203832, 100 
997, 357.4401751440638, 33.41086590776315, 100 
998, 253.02989930726608, 41.80481820258444, 100 
999, 163.08116518115216, -60.01700108066727, 100 
