Plate ID, Date, RA_CTR, DEC_CTR
a14385, 1929-12-03T19:26:24Z, 359.443268, -52.107725
a18693, 1936-07-16T20:24:00Z, 273.410411, -27.447262
a00729, NA, NA, NA
a07075, 1904-11-17T05:18:14.4Z, 89.457707, 47.513379
a01443, 1895-05-04T03:17:16.8Z, 263.294534, 72.123965
a11261, 1915-06-07T01:10:33.6Z, 166.746967, -62.241003
a00818, 1894-08-19T01:50:52.8Z, 283.171738, 41.948493
a09735, 1909-08-26T02:00:57.6Z, 275.674311, 30.00937
a04294, 1900-04-11T09:53:16.8Z, 337.062941, -9.133993
a10976, 1914-07-21T02:15:21.6Z, 236.159786, -45.768213
a03405, 1898-11-20T00:27:21.6Z, 28.964426, -62.57456
a12072, NA, NA, NA
a01630, 1895-09-02T01:39:21.6Z, 248.913581, 41.890703
a07334, NA, NA, NA
a15195, 1931-02-22T00:00:00Z, 148.632321, -21.328409
a18913, 1936-09-18T01:09:07.2Z, 52.904667, 27.609756
a11563, 1916-09-19T03:44:38.4Z, 345.650725, -58.772189
a01691, 1895-09-15T03:28:48Z, 268.115804, 47.071905
a16731, 1934-02-04T19:56:38.4Z, 110.931086, -40.297811
a14434, 1929-12-30T22:45:07.2Z, 99.765598, -54.472195
a05037, NA, NA, NA
a13730, 1926-05-20T05:16:48Z, 212.105944, -68.677083
a04901, 1900-11-29T01:39:21.6Z, 22.527171, 53.243552
a11689, 1917-08-15T00:30:14.4Z, 242.456965, -22.823935
a19569, 1937-07-14T17:13:55.2Z, 215.759707, -51.774405
a15427, 1931-06-10T03:31:40.8Z, 13.321673, -72.836495
a11440, 1916-03-08T02:26:52.8Z, 100.598325, -45.485262
a05387, 1901-06-21T09:27:21.6Z, 353.812842, 33.040539
a18317, 1936-03-12T17:43:37.8Z, 46.448837, -29.640218
a04468, 1900-06-21T02:13:55.2Z, 217.266573, -73.498822
a14472, 1930-01-12T01:23:31.2Z, 135.106112, -55.167534
a12864, NA, NA, NA
a01016, 1894-10-11T04:07:40.8Z, 38.91148, 27.526954
a14224, 1929-09-09T00:31:40.8Z, 14.113266, -61.538235
a05125, 1901-04-21T02:24:00Z, 128.571981, -17.339307
a03296, 1898-09-08T01:30:43.2Z, 274.933546, -77.747463
a00336, 1894-03-08T04:50:52.8Z, 183.991335, 6.224549
a14973, 1930-09-29T20:22:33.6Z, 361.037881, -29.451468
a02933, 1897-12-23T04:39:21.6Z, 84.106873, 24.884566
a19031, 1936-12-18T18:37:26.4Z, 3.871225, 23.896389
a17743, 1935-06-25T18:08:38.4Z, 235.828837, 0.334186
a12925, 1924-05-04T05:28:19.2Z, 254.625855, -30.081535
a09943, 1909-11-03T06:43:12Z, 50.887155, -14.617112
a07739, 1906-06-19T04:22:04.8Z, 219.222317, -27.916104
a14275, 1929-10-08T21:50:24Z, 360.259982, -81.855563
a05391, 1901-06-22T04:22:04.8Z, 219.246323, -28.196926
a06288, 1903-01-17T03:24:28.8Z, 65.339915, -67.562289
a10616, NA, NA, NA
a04206, 1900-02-21T03:21:36Z, 95.724232, -62.491732
a10887, 1914-05-28T02:02:24Z, 161.253216, -60.318614
a07087, 1904-11-18T04:37:55.2Z, 83.97217, 12.467244
a04001, 1899-09-30T01:35:02.4Z, 4.197658, -22.117928
a00544, 1894-04-18T04:52:19.2Z, 213.842669, 17.267127
a09689, NA, NA, NA
a19146, 1937-03-05T18:36:00Z, 136.719659, 14.610121
a02157, 1896-11-12T07:22:04.8Z, 78.865962, -69.681099
a00731, NA, NA, NA
a02898, NA, NA, NA
a04497, 1900-07-03T09:44:38.4Z, 14.891937, 14.743166
a17539, 1935-05-09T20:52:48Z, 191.102404, -62.408787
a09884, 1909-10-22T04:04:48Z, 0.858877, -4.751183
a04663, 1900-09-05T03:38:52.8Z, 348.739959, 38.177154
a05092, 1901-04-07T02:45:36Z, 118.71417, -7.86448
a19973, 1938-02-23T01:24:57.6Z, 191.184835, -62.335842
a14926, 1930-09-01T17:13:55.2Z, 335.692669, -22.607787
a05140, NA, NA, NA
a19247, 1937-04-09T00:27:21.6Z, 238.868418, 22.234174
a00792, 1894-08-15T00:57:36Z, 248.127017, 41.882519
a10552, NA, NA, NA
a09463, 1909-06-29T03:29:23.6Z, 234.231094, -55.406913
a16508, 1933-06-27T18:18:43.2Z, 243.900727, -43.846594
a03247, 1898-08-26T02:51:21.6Z, 307.837639, -72.437384
a12699, 1923-09-20T09:00:00Z, 81.691987, -69.383377
a14085, 1926-10-13T00:01:26.4Z, 335.60066, -22.305658
a00472, 1894-03-28T04:48:00Z, 230.838182, 56.811282
a13226, 1925-05-12T23:26:52.8Z, 113.259366, -28.226851
a03638, 1899-06-17T03:12:57.6Z, 214.454838, -33.962229
a09441, 1909-06-28T02:24:00Z, 206.258103, -25.535755
a14585, NA, NA, NA
a02859, 1897-10-29T03:18:43.2Z, 329.373353, -47.175465
a09680, NA, NA, NA
a08518, 1907-10-08T04:06:14.4Z, 366.520241, -74.557432
a02797, 1897-10-06T00:18:43.2Z, 269.076823, -17.303408
a02547, 1897-07-16T01:29:16.8Z, 204.014391, -52.873381
a13013, 1924-07-01T00:02:52.8Z, 152.899557, -56.383234
a14977, 1930-10-11T18:36:00Z, 356.169399, -24.649356
a19717, 1937-08-29T18:37:26.4Z, 301.097849, -4.816376
a07572, 1906-01-27T03:54:43.2Z, 118.825062, -77.973379
a15595, 1931-08-09T16:59:31.2Z, 271.473821, -33.599823
a02834, 1897-10-16T03:59:02.4Z, 328.971232, -36.93599
a16578, 1933-09-06T18:41:45.6Z, 300.474748, -39.700566
a03592, NA, NA, NA
a11979, 1922-05-17T04:12:00Z, 279.835572, -23.752404
a01985, 1896-08-09T01:52:19.2Z, 247.036407, -57.883775
a05083, 1901-03-31T03:24:28.8Z, 143.882146, -23.082538
a09088, 1908-10-27T06:12:57.6Z, 99.565518, 11.537531
a06808, 1904-07-13T01:50:52.8Z, 264.051153, -17.791858
a00931, 1894-09-30T01:43:40.8Z, 307.994998, 21.034399
a03977, 1899-09-27T23:57:07.2Z, 322.046873, 12.171785
a09526, 1909-07-09T02:03:50.4Z, 216.007723, -15.550136
a16250, 1932-09-25T18:56:09.6Z, 289.078313, -46.476811
a17741, 1935-06-25T02:17:40.9Z, 354.062068, -2.017535
a17880, 1935-08-04T17:06:43.2Z, 274.673343, -33.419475
a06274, 1903-01-03T08:51:21.6Z, 219.215083, -26.207107
a04433, NA, NA, NA
a11613, 1916-11-14T02:24:00Z, 341.290159, -44.702713
a08729, 1908-05-13T01:09:07.2Z, 148.91249, -13.049493
a15554, 1931-08-03T18:15:50.4Z, 271.517549, -33.651522
a13955, 1926-08-06T00:37:26.4Z, 211.109268, 28.514423
a04938, 1900-12-30T00:51:50.4Z, 354.775275, -21.978477
a17147, 1934-09-11T19:45:07.2Z, 286.098007, -52.095948
a06386, 1903-05-20T05:22:33.6Z, 269.300255, -45.041075
a15946, 1932-03-10T23:51:21.6Z, 211.246752, -45.510088
a19248, 1937-04-09T01:20:38.4Z, 254.135847, 2.280702
a19172, 1937-03-12T02:18:14.4Z, 214.33515, -35.138605
a01007, 1894-10-11T01:30:43.2Z, 303.322863, 27.390681
a04190, 1899-12-12T02:11:02.4Z, 38.663279, -52.379341
a01147, 1894-10-20T03:43:12Z, 337.996698, 2.402342
a12485, 1923-07-04T01:01:55.2Z, 250.227566, -28.55823
a16145, 1932-07-12T02:32:38.4Z, 23.642016, -42.182492
a02916, 1897-12-02T02:55:40.8Z, 73.144484, -57.53394
a08513, 1907-09-18T04:52:19.2Z, 12.515228, -79.439663
a19857, NA, NA, NA
a12423, 1923-06-09T02:58:33.6Z, 277.754002, -30.145371
a15218, 1931-02-27T02:52:48Z, 204.331605, -55.042884
a19928, 1938-02-01T19:45:07.2Z, 123.23331, -42.739698
a16697, 1933-12-23T01:26:24Z, 130.746079, -50.210221
a10333, 1910-11-09T04:12:00Z, 28.19922, -81.524007
a19554, 1937-07-06T20:31:12Z, 286.632771, -75.095742
a06936, NA, NA, NA
a07690, 1906-05-25T03:37:26.4Z, 164.258414, -62.039005
a00655, NA, NA, NA
a15841, 1931-12-05T00:08:38.4Z, 131.134505, -0.433823
a10137, 1910-06-15T07:16:19.2Z, 289.873765, -37.565835
a17771, 1935-07-01T02:29:45.6Z, 334.66747, -16.915534
a13062, 1924-08-22T00:27:21.6Z, 285.124917, -13.304238
a13817, 1926-06-13T01:23:31.2Z, 156.585673, -55.044888
a00795, 1894-08-15T01:42:14.4Z, 278.343363, 42.221298
a13423, 1925-07-24T01:00:28.8Z, 191.079707, -69.86422
a05372, 1901-06-18T00:07:12Z, 168.239301, -11.612115
a19793, 1937-10-08T22:53:45.6Z, 43.512739, -32.325741
a15914, 1932-02-02T01:03:21.6Z, 182.955507, -34.421112
a07263, 1905-04-23T02:16:48Z, 123.818328, 27.325301
a19580, 1937-07-16T17:34:04.8Z, 249.884594, -44.86329
a10482, 1911-09-01T07:50:52.8Z, 355.853141, 0.710757
a15935, 1932-03-03T23:25:26.4Z, 196.337165, -40.39258
a07857, 1906-07-15T04:16:19.2Z, 283.358787, 27.606197
a03604, NA, NA, NA
a19737, 1937-09-02T22:46:33.6Z, 17.466474, -15.316554
a02722, 1897-09-14T04:04:48Z, 289.547483, -52.325928
a03988, 1899-09-29T01:43:40.8Z, 16.952788, -70.700813
a07063, 1904-11-17T02:34:04.8Z, 58.88836, 2.51185
a07472, 1905-09-08T07:46:33.6Z, 78.760982, -7.680407
a05808, 1902-04-19T02:45:36Z, 124.237074, 2.493143
a10486, 1911-09-12T00:10:04.8Z, 251.231125, -52.894954
a05971, 1902-06-18T03:04:19.2Z, 263.91103, -7.915903
a16005, 1932-04-17T20:21:07.2Z, 138.656533, -27.738957
a14873, 1930-07-31T16:59:31.2Z, 273.644906, -29.939784
a10133, 1910-06-10T08:05:16.8Z, 274.65528, -7.509664
a04111, NA, NA, NA
a02141, 1896-10-18T01:14:52.8Z, 294.265783, -47.487507
a06673, NA, NA, NA
a07130, 1905-01-12T01:30:43.2Z, 98.327039, -12.687396
a12209, 1922-09-28T03:24:28.8Z, 324.732827, -23.018428
a02774, 1897-10-01T03:10:04.8Z, 303.818132, -17.421807
a04211, 1900-02-22T03:15:50.4Z, 98.277335, -42.549993
a12888, NA, NA, NA
a13552, 1925-09-24T06:41:45.6Z, 13.464756, -72.701263
a00259, 1894-02-25T01:32:09.6Z, 104.580537, 52.057464
a13746, 1926-05-29T23:35:31.2Z, 118.799959, -28.589136
a11569, NA, NA, NA
a09159, 1909-04-09T07:48:00Z, 211.224963, -5.413985
a15649, 1931-08-14T00:31:40.8Z, 13.36609, -72.747316
a16120, 1932-06-24T18:12:57.6Z, 240.295901, -63.005762
a13693, 1926-05-12T00:33:07.2Z, 116.54112, -25.447549
a19028, 1936-12-15T00:31:40.8Z, 93.106766, -47.468127
a03053, 1898-06-02T01:42:14.4Z, 194.305417, 27.000484
a03789, 1899-08-01T03:12:57.6Z, 285.001262, -37.125136
a11119, 1915-03-26T06:25:43Z, 160.805637, -61.067614
a06591, 1903-10-09T03:31:40.8Z, 4.110566, 47.882853
a11083, 1915-03-12T04:33:36Z, 139.170298, -54.925273
a18141, 1935-11-29T20:30:42.2Z, 79.591066, -68.460353
a02604, 1897-08-04T02:02:24Z, 299.414843, -57.472269
a12587, 1923-08-15T23:48:28.8Z, 255.00938, -30.455774
a04146, 1899-11-22T00:21:36Z, 18.93989, 22.915692
a16343, NA, NA, NA
a00601, 1894-05-04T02:18:14.4Z, 213.35855, 18.74486
a17246, 1934-11-13T19:40:48Z, 38.439852, -27.242549
a17429, 1935-03-22T02:01:46.3Z, 262.949176, -30.049288
a14008, 1926-09-03T07:23:31.2Z, 67.226137, 14.244417
a01676, 1895-09-14T03:33:07.2Z, 243.279809, 36.764248
a18577, 1936-06-09T19:16:19.2Z, 191.230504, -62.359286
a17728, 1935-06-23T17:09:36Z, 155.668032, -60.96617
a17605, 1935-06-06T02:29:45.6Z, 265.594208, -59.125189
a03375, 1898-10-26T02:29:45.6Z, 319.359569, -17.024312
a09293, 1909-05-30T01:23:31.2Z, 181.223381, -85.682763
a08613, 1908-04-10T06:20:09.6Z, 202.156977, -70.601784
a04609, 1900-08-26T01:39:21.6Z, 278.958747, -72.832028
a13715, 1926-05-14T02:13:55.2Z, 149.074534, -55.655606
a02652, 1897-08-18T03:54:43.2Z, 273.407073, -17.776593
a02438, NA, NA, NA
a10011, 1910-01-03T01:22:04.8Z, 26.866504, -20.135755
a16542, 1933-08-11T18:20:09.6Z, 286.655181, -37.503395
a19374, 1937-05-17T20:11:02.4Z, 225.975304, -48.75577
a17064, 1934-08-04T02:09:36Z, 13.553488, -72.778395
a14522, 1930-01-29T20:15:21.6Z, 88.530349, -22.305561
a17947, 1935-08-27T02:21:07.2Z, 60.683621, -59.912953
a08916, 1908-07-01T07:27:50.4Z, 298.935111, -27.372684
a03611, NA, NA, NA
a04194, 1899-12-12T03:28:48Z, 78.486647, -52.649242
a15539, 1931-07-23T19:00:28.8Z, 271.584044, -39.106922
a16732, NA, NA, NA
a05194, 1901-05-22T03:51:50.4Z, 188.714403, -8.132536
a14638, 1930-03-28T23:55:40.8Z, 185.698114, 2.37696
a12356, 1923-05-03T00:41:45.6Z, 137.954427, -64.697659
a07917, 1906-08-01T00:46:04.8Z, 240.810313, 24.67111
a00048, 1893-11-27T03:01:26.4Z, 57.028489, 23.844819
a19720, 1937-08-30T21:40:19.2Z, 311.064812, -4.786308
a10843, 1914-04-05T01:33:36Z, 108.145598, -35.294988
a13967, 1926-08-11T04:46:33.6Z, 311.932721, -52.809837
a18645, 1936-06-24T22:56:38.4Z, 242.220329, -60.460237
a06323, 1903-03-31T07:40:48Z, 268.7134, -41.655218
a13602, 1925-10-28T09:28:48Z, 99.936625, -61.47725
a08100, 1906-09-18T04:10:33.6Z, 346.210088, 15.517724
a03697, 1899-07-09T04:07:40.8Z, 304.529509, -37.336897
a11341, 1915-08-14T01:12:00Z, 257.817972, -15.117501
a04025, 1899-10-11T01:49:26.4Z, 337.152788, -62.194176
a07190, NA, NA, NA
a11211, 1915-05-16T03:23:02.4Z, 180.949881, -45.013364
a06707, 1904-05-03T01:17:45.6Z, 206.464055, -30.719003
a01802, 1896-05-30T03:28:48Z, 223.363376, -3.020634
a15694, 1931-08-20T17:09:36Z, 273.411225, -22.521971
a10909, 1914-05-31T03:08:38.4Z, 185.185987, -75.656687
a04585, NA, NA, NA
a14290, 1929-10-21T19:10:33.6Z, 340.961173, -24.536864
a00607, NA, NA, NA
a14545, 1930-02-06T01:45:07.2Z, 225.890626, -50.25839
a18109, NA, NA, NA
a02832, 1897-10-16T01:24:57.6Z, 313.39331, 32.68176
a16227, 1932-09-09T22:53:45.6Z, 15.559066, -31.87713
a01682, 1895-09-14T05:08:09.6Z, 303.25557, 37.566446
a09181, 1909-04-26T03:38:52.8Z, 163.490828, -30.451055
a15588, 1931-08-08T03:05:45.6Z, 13.485733, -72.622974
a17793, 1935-07-07T16:55:12Z, 215.95282, -51.939577
a10303, 1910-10-01T08:05:16.8Z, 45.996826, -72.33695
a01656, 1895-09-13T01:35:02.4Z, 283.237285, 42.448743
a18775, 1936-08-10T01:52:19.2Z, 314.177417, -42.8681
a19178, 1937-03-17T17:54:14.4Z, 140.2927, -60.873557
a01966, 1896-08-02T02:18:14.4Z, 247.125589, -47.762975
a06506, 1903-08-16T02:31:12Z, 283.986861, -2.329229
a18339, 1936-03-17T22:50:52.8Z, 213.946934, 12.538875
a19056, 1937-01-08T19:56:38.4Z, 113.374696, -47.661907
a17721, 1935-06-21T19:37:55.2Z, 205.68375, 19.382053
a17202, 1934-10-15T21:04:19.2Z, 19.371709, 7.914869
a19456, 1937-06-12T02:44:09.6Z, 276.676477, -54.846502
a08525, 1907-10-16T02:28:19.2Z, 1.794787, -69.679577
a18623, 1936-06-19T02:21:07.2Z, 300.95766, 15.330766
a14443, 1930-01-01T19:33:36Z, 95.246622, -62.495443
a16320, 1932-12-29T21:36:00Z, 113.601499, -37.640879
a05032, 1901-03-16T01:24:57.6Z, 97.275322, 9.805644
a06195, 1902-10-12T00:46:04.8Z, 349.069721, -17.053732
a10007, 1909-12-08T03:10:04.8Z, 31.986704, -14.612974
a19092, 1937-02-02T23:28:19.2Z, 191.366062, -62.611059
a02924, 1897-12-19T03:31:40.8Z, 50.898104, -62.417545
a04226, 1900-03-02T06:36:00Z, 149.457637, -48.39924
a03883, 1899-08-19T02:34:04.8Z, 308.615993, 37.870119
a04146, 1899-11-22T00:21:36Z, 18.93989, 22.915692
a06776, 1904-06-21T09:11:31.2Z, 26.019934, -66.97699
a03383, 1898-11-03T01:37:55.2Z, 29.364359, -42.142586
a19151, 1937-03-06T02:55:40.8Z, 213.742988, 6.939639
a19748, 1937-09-06T20:34:04.8Z, 323.979787, 27.827623
a11557, 1916-08-29T03:57:36Z, 289.485776, -32.617405
a02272, 1897-05-11T02:42:43.2Z, 243.679848, -2.787017
a07791, 1906-07-03T02:54:14.4Z, 252.367833, -65.460131
a15791, 1931-10-08T00:05:45.6Z, 68.764743, -4.919351
a16399, 1933-03-17T23:45:36Z, 169.257834, -27.734718
a10727, 1913-06-27T09:08:38.4Z, 301.247949, -45.213723
a01023, 1894-10-11T06:47:31.2Z, 28.866401, 47.416824
a03571, NA, NA, NA
a04509, NA, NA, NA
a16417, 1933-03-28T23:05:16.8Z, 173.65196, -55.316438
a00919, 1894-09-29T01:53:45.6Z, 328.272393, 12.985219
a17626, 1935-06-10T16:55:12Z, 191.039635, -62.538088
a12810, 1923-10-29T00:44:38.4Z, 286.678174, -37.148839
a08191, NA, NA, NA
a04080, 1899-10-24T06:15:50.4Z, 28.555416, -42.151323
a16601, 1933-09-24T18:20:09.6Z, 324.109299, -27.124479
a03987, 1899-09-29T01:00:28.8Z, 16.095142, -70.387755
a06093, NA, NA, NA
a17074, 1934-08-10T18:11:31.2Z, 286.522939, -39.967882
a12154, 1922-08-24T04:58:04.8Z, 14.013369, -72.637308
a00641, NA, NA, NA
a02522, 1897-07-03T02:24:00Z, 209.091899, -63.214132
a04322, 1900-04-22T07:53:45.6Z, 228.517827, 22.378191
a12095, 1922-07-26T00:28:48Z, 285.117037, -13.363815
a04821, 1900-10-24T00:04:19.2Z, 268.351705, -26.642218
a06789, 1904-07-01T00:23:02.4Z, 183.826992, 6.771769
a06321, 1903-03-30T05:45:36Z, 268.751502, -41.877068
a06240, 1902-11-19T04:26:24Z, 38.678702, -2.164101
a02208, NA, NA, NA
a15316, 1931-04-24T18:54:43.2Z, 181.086427, -50.657771
a10237, 1910-08-15T07:59:31.2Z, 351.967846, -30.024501
a09393, 1909-06-20T07:19:12Z, 276.484903, -20.116617
a12708, 1923-09-30T00:56:09.6Z, 284.829091, -37.198575
a05265, 1901-05-29T08:57:07.2Z, 299.882236, -62.344287
a19913, 1938-01-15T01:36:58.3Z, 166.446373, 14.757647
a01280, 1895-01-30T05:36:57.6Z, 129.364808, 19.993103
a04266, 1900-04-04T02:55:40.8Z, 149.046037, -58.136437
a11237, 1915-05-31T00:14:24Z, 140.972767, -34.850399
a19377, 1937-05-18T01:17:45.6Z, 312.228964, -15.023708
a09674, NA, NA, NA
a11873, NA, NA, NA
a14907, 1930-08-25T20:38:24Z, 338.755564, -27.305976
a01520, 1895-07-13T03:10:04.8Z, 275.335773, 57.305421
a12332, 1923-04-22T02:08:09.6Z, 140.146857, -64.415442
a07038, 1904-11-13T02:57:07.2Z, 54.137678, -12.08792
a08100, 1906-09-18T04:10:33.6Z, 346.210088, 15.517724
a15886, 1932-01-10T18:40:19.2Z, 88.377552, -17.478778
a09475, 1909-06-29T23:49:55.2Z, 185.992526, 4.347389
a05641, NA, NA, NA
a05005, 1901-02-03T00:54:43.2Z, 59.697673, 23.857068
a00953, 1894-10-02T07:07:40.8Z, 28.367736, -2.464097
a14583, 1930-02-28T02:15:21.6Z, 211.160701, -30.21522
a18916, 1936-09-18T20:57:07.2Z, 351.184375, -49.838094
a14031, 1926-09-08T00:34:33.6Z, 256.147885, -38.807218
a01891, 1896-07-07T04:10:33.6Z, 298.315905, 22.973743
a17209, 1934-10-16T21:12:57.6Z, 54.678098, -32.367645
a16371, 1933-03-07T00:01:26.4Z, 175.849463, -73.259259
a07385, 1905-07-06T09:08:38.4Z, 358.749445, 32.829407
a11884, 1920-06-09T00:05:45.6Z, 152.595298, -45.404518
a13557, 1925-09-25T05:41:16.8Z, 13.231168, -72.558502
a13234, 1925-05-13T23:26:52.8Z, 124.639156, -34.456676
a18655, 1936-06-25T23:49:55.2Z, 274.016788, -26.530726
a18278, 1936-02-19T21:11:31.2Z, 163.086677, 7.234819
a15968, 1932-04-04T18:40:19.2Z, 163.589256, -27.947596
a12570, 1923-08-05T02:09:36Z, 276.157972, -24.36527
a03330, 1898-10-13T02:19:40.8Z, 14.087043, -52.388342
a07341, 1905-06-09T01:00:28.8Z, 228.775297, -18.059104
a08993, NA, NA, NA
a05630, 1901-09-06T02:35:31.2Z, 259.675653, -42.708076
a06825, 1904-07-23T09:53:16.8Z, 8.912655, 48.164248
a10192, NA, NA, NA
a09312, 1909-05-31T00:41:45.6Z, 160.767937, -45.732231
a17624, 1935-06-10T00:25:55.2Z, 316.169536, -4.66779
a18562, 1936-06-04T22:46:37.4Z, 307.682623, -29.841023
a09378, 1909-06-16T00:23:02.4Z, 178.415858, -13.18036
a11325, 1915-08-03T01:03:21.6Z, 226.107315, -15.396925
a17204, 1934-10-16T01:09:07.2Z, 89.227105, -82.630758
a03517, 1899-05-09T06:59:02.4Z, 264.165828, -21.275799
a10700, 1913-06-05T07:13:26.4Z, 258.315949, -15.233041
a01166, NA, NA, NA
a10926, 1914-06-03T02:02:24Z, 160.88646, -60.407098
a04275, 1900-04-07T04:06:14.4Z, 214.436766, -33.009175
a05319, 1901-06-07T08:11:02.4Z, 294.169752, 3.009836
a03270, 1898-08-28T01:29:16.8Z, 249.396744, -42.7409
a00971, 1894-10-06T05:48:28.8Z, 43.348574, 12.151747
a17747, NA, NA, NA
a07388, 1905-07-07T06:15:50.4Z, 267.049725, -30.265843
a12656, 1923-09-11T02:36:57.6Z, 285.589935, -36.491201
a12518, 1923-07-16T05:32:38.4Z, 245.695364, -25.483941
a04497, 1900-07-03T09:44:38.4Z, 14.891937, 14.743166
a13619, 1925-11-20T08:21:07.2Z, 70.081727, 13.88565
a04249, 1900-03-27T06:20:09.6Z, 169.479931, -38.101138
a19674, 1937-08-13T02:49:55.2Z, 76.812885, -66.414355
a19426, 1937-06-04T00:34:33.6Z, 246.065135, -4.801378
a03423, 1898-12-09T03:57:36Z, 83.792485, -5.313198
a15072, 1930-12-12T22:30:43.2Z, 98.572269, -17.779191
a09091, 1908-11-04T02:51:21.6Z, 16.070899, -54.647483
a09569, 1909-07-18T05:42:43.2Z, 281.273044, -15.101284
a03364, 1898-10-25T02:35:31.2Z, 358.850134, -27.009389
a11851, NA, NA, NA
a17630, 1935-06-10T20:25:26.4Z, 191.034319, -62.430723
a19523, 1937-06-29T20:38:24Z, 225.762884, -35.251382
a07350, 1905-06-22T01:42:14.4Z, 232.604065, -41.076129
a05775, 1902-04-03T01:39:21.6Z, 92.963989, -32.821804
a18249, 1936-02-10T18:40:41.5Z, 76.803071, 15.239931
a01464, 1895-05-17T08:09:36Z, 244.254379, 86.94517
a02084, NA, NA, NA
a03529, 1899-05-20T07:13:26.4Z, 262.98977, -21.434213
a11977, 1922-05-17T01:55:12Z, 153.801469, -47.065457
a03580, NA, NA, NA
a14864, 1930-07-29T21:34:33.6Z, 269.466617, -36.31867
a02007, 1896-08-18T04:16:19.2Z, 343.007069, 38.191445
a11384, 1915-09-15T02:22:18.8Z, 300.889262, -45.552404
a07928, 1906-08-08T02:09:36Z, 278.730161, 15.079532
a08240, 1907-04-18T02:18:14.4Z, 166.088176, -60.610441
a19651, 1937-08-09T03:00:00Z, 38.870171, 18.027929
a14974, 1930-09-29T21:02:52.8Z, 10.157312, -77.921066
a13859, 1926-07-02T03:34:33.6Z, 265.915839, -26.440739
a18504, 1936-05-19T16:52:19.2Z, 129.18472, 22.495941
a18854, 1936-08-26T17:47:02.4Z, 249.984249, -44.462873
a13388, 1925-07-11T23:36:57.6Z, 131.960941, -44.57853
a13449, 1925-08-01T09:33:07.2Z, 13.239352, -72.592312
a07573, 1906-01-27T04:23:31.2Z, 125.158341, -68.189059
a19199, 1937-03-22T00:14:24Z, 191.003762, -62.432146
a06850, 1904-08-09T04:04:48Z, 298.6275, 32.703596
a04505, NA, NA, NA
a00595, 1894-05-02T07:03:21.6Z, 258.409998, 52.064482
a00955, 1894-10-02T07:46:33.6Z, 48.385907, -2.51188
a04423, 1900-06-02T06:14:24Z, 233.996438, -22.951823
a07875, 1906-07-20T04:10:33.6Z, 293.319588, 32.679249
a19664, 1937-08-11T01:46:33.6Z, 344.102495, 13.242613
a15516, 1931-07-15T17:18:14.4Z, 241.560241, -45.385953
a01689, 1895-09-15T02:57:07.2Z, 248.249411, 47.062505
a01811, 1896-06-03T02:52:48Z, 249.813362, -42.629485
a09860, NA, NA, NA
a19686, 1937-08-15T18:19:26.5Z, 255.707349, 14.977748
a09893, 1909-10-23T01:52:19.2Z, 320.749716, 0.258207
a19656, 1937-08-10T01:20:38.4Z, 344.106402, 8.22572
a00149, 1894-01-02T10:42:14.4Z, 205.97624, 27.917568
a00185, 1894-01-26T01:20:38.4Z, 51.256664, 17.762529
a09306, 1909-05-30T06:34:33.6Z, 250.854514, -0.257539
a11993, 1922-05-22T02:38:24Z, 207.155727, -51.507371
a00703, NA, NA, NA
a03341, 1898-10-16T02:29:45.6Z, 23.769562, -37.050162
a02440, NA, NA, NA
a13841, 1926-06-19T04:59:31.2Z, 294.737138, -31.058141
a01337, 1895-03-06T03:01:26.4Z, 117.92244, 72.088444
a02069, NA, NA, NA
a17339, 1935-01-23T23:39:50.4Z, 179.774089, -27.91046
a08835, 1908-06-16T01:07:40.8Z, 206.256921, -16.970836
a02820, 1897-10-07T04:24:57.6Z, 35.567412, -66.908729
a11654, 1917-06-12T03:46:35.4Z, 226.520405, -15.110344
a12495, NA, NA, NA
a18275, 1936-02-15T02:07:41.9Z, 176.158485, -45.739541
a17394, 1935-03-05T20:38:24Z, 104.496667, -27.454124
a19910, 1938-01-14T22:54:54.9Z, 80.941449, -14.388927
a01796, 1896-05-29T01:56:38.4Z, 189.73251, -47.108779
a02428, NA, NA, NA
a12975, 1924-06-05T00:46:04.8Z, 186.892816, -72.825714
a01875, 1896-07-01T00:26:57.2Z, 183.623413, 16.723795
a14278, 1929-10-10T22:03:21.6Z, 180.670375, -82.647821
a04363, NA, NA, NA
a10525, 1911-10-26T05:28:19.2Z, 17.4237, -44.545129
a08473, 1907-08-20T08:38:24Z, 351.21573, -19.556611
a17243, 1934-11-12T23:09:36Z, 75.642831, -40.09204
a00839, 1894-09-07T00:50:24Z, 258.026871, 42.124701
a00542, 1894-04-18T04:17:45.6Z, 194.378369, 16.5058
a13110, 1924-10-07T05:57:07.2Z, 13.272135, -72.574259
a15293, 1931-04-20T17:16:48Z, 82.239104, -68.832165
a19354, 1937-05-11T03:00:00Z, 298.993019, 7.695172
a14016, 1926-09-04T03:24:28.8Z, 254.175337, -28.446895
a03132, 1898-06-29T02:06:43.2Z, 202.100241, -58.260435
a08789, NA, NA, NA
a12257, 1922-10-27T00:20:09.6Z, 273.596296, -30.484193
a05353, 1901-06-12T09:08:38.4Z, 338.643875, 28.049668
a10599, 1912-08-17T03:30:14.4Z, 297.33886, -18.268132
a01836, 1896-06-13T01:12:00Z, 202.074114, 46.443114
a00136, 1894-01-02T01:45:07.2Z, 34.720367, 56.807185
a04446, 1900-06-16T01:33:36Z, 183.586266, 32.070933
a10974, 1914-07-21T00:48:57.6Z, 188.676846, -46.215917
a06851, NA, NA, NA
a06904, 1904-08-23T08:11:02.4Z, 44.064093, 42.715374
a08971, 1908-07-29T05:24:00Z, 329.404834, -52.384638
a17763, 1935-06-29T00:17:16.8Z, 326.37625, 0.861945
a15291, NA, NA, NA
a04620, 1900-08-31T07:42:14.4Z, 346.723344, -71.920032
a11860, NA, NA, NA
a16738, 1934-02-14T20:30:43Z, 128.17486, -55.462198
a03122, 1898-06-25T00:00:00Z, 148.660351, -42.959289
a00784, 1894-08-12T02:32:38.4Z, 268.138449, 31.878209
a18969, 1936-10-14T01:42:14.4Z, 60.904807, -39.842143
a04787, 1900-10-04T08:52:48Z, 58.116522, -77.273524
a06435, NA, NA, NA
a01659, 1895-09-13T02:34:04.8Z, 343.799102, 42.747545
a11449, 1916-05-24T00:15:50.4Z, 140.057625, -46.356579
a10127, 1910-06-09T08:24:00Z, 295.12756, -27.744854
a19932, 1938-02-02T21:05:45.6Z, 134.315342, 12.276267
a02949, 1898-03-26T03:14:24Z, 169.053342, 21.877289
a12013, NA, NA, NA
a10462, 1911-08-02T07:20:38.4Z, 334.685302, -22.20528
a15674, 1931-08-17T18:28:48Z, 286.5789, -50.032545
a10057, 1910-05-06T00:04:19.2Z, 124.357807, -3.010498
a06596, 1903-10-10T01:45:07.2Z, 299.343033, -37.412876
a01151, 1894-10-20T05:28:19.2Z, 18.138926, 2.494489
a13945, 1926-08-03T03:41:45.6Z, 270.101719, -19.821435
a07068, 1904-11-17T03:40:19.2Z, 55.163071, -67.218884
a10229, 1910-08-07T06:15:50.4Z, 324.527804, -7.438599
a11752, 1918-07-19T00:47:09.6Z, 194.830073, -19.718135
a02343, 1897-05-29T01:42:14.4Z, 153.535209, -43.099123
a10701, 1913-06-08T08:44:09.6Z, 286.087728, -15.013416
a02631, 1897-08-11T01:58:04.8Z, 228.70355, -32.858894
a10584, 1912-07-12T05:28:19.2Z, 309.614951, -15.322697
a05848, NA, NA, NA
a10570, NA, NA, NA
a09880, 1909-10-22T02:35:31.2Z, 340.727237, 0.347354
a19063, 1937-01-17T23:35:31.2Z, 165.829596, 14.260644
a16373, 1933-03-07T18:11:31.2Z, 100.482475, -44.979124
a10135, 1910-06-10T06:40:19.2Z, 279.440135, -2.692222
a19471, 1937-06-19T01:08:59.5Z, 350.22164, -13.605799
a08742, 1908-05-20T06:10:04.8Z, 211.462915, -45.437323
a11010, 1914-08-22T01:49:26.4Z, 223.239729, -58.86395
a10117, 1910-06-07T08:35:31.2Z, 289.554484, -2.758152
a03244, 1898-08-26T01:56:38.4Z, 248.132533, -72.921196
a05490, 1901-07-28T00:28:48Z, 228.832932, 31.928073
a14952, 1930-09-20T21:23:02.4Z, 343.64195, -38.717286
a03644, NA, NA, NA
a02386, 1897-06-03T01:14:52.8Z, 163.507409, -58.340708
a02516, 1897-06-30T04:45:07.2Z, 239.771333, -57.99017
a15094, 1931-01-02T21:25:55.2Z, 103.287491, -42.846135
a15444, 1931-06-13T03:24:28.8Z, 13.724278, -72.772036
a10023, 1910-01-07T08:05:16.8Z, 126.762405, -20.499429
a04258, 1900-03-30T08:26:52.8Z, 199.00296, 12.04225
a19412, 1937-05-31T21:11:31.2Z, 276.787896, -55.13926
a14608, 1930-03-11T21:27:21.6Z, 152.675219, -56.211863
a06630, 1904-03-27T03:23:02.4Z, 111.247856, -4.669243
a11498, 1916-07-21T03:17:16.8Z, 261.978691, -44.999603
a08866, 1908-06-18T07:00:28.8Z, 245.316369, -30.280591
a11375, 1915-09-09T03:54:43.2Z, 302.719295, -45.599842
a13522, 1925-09-10T04:14:52.8Z, 294.463901, -31.414013
a11055, 1914-09-29T07:17:45.6Z, 20.558722, -44.65048
a18251, 1936-02-10T19:44:31Z, 46.422213, -29.161684
a12896, 1924-04-15T04:46:33.6Z, 253.687032, -30.922891
a12641, 1923-09-04T00:43:12Z, 245.987312, -26.418032
a19065, 1937-01-25T18:42:46.8Z, 77.142851, 15.106336
a09687, NA, NA, NA
a03308, 1898-09-17T00:40:19.2Z, 246.570788, -20.37813
a10142, 1910-06-28T00:25:55.2Z, 189.517029, -33.358801
a17764, 1935-06-29T02:26:52.8Z, 9.212883, -12.116856
a07934, 1906-08-08T04:04:48Z, 301.020072, 20.259692
a18146, 1935-12-05T20:28:33.2Z, 46.326785, 15.39057
a10103, 1910-06-04T00:00:00Z, 180.523659, -35.516987
a15608, 1931-08-10T16:56:38.4Z, 273.630538, -27.148846
a13453, 1925-08-08T00:00:00Z, 262.436625, -80.079212
a11593, 1916-10-21T01:16:19.2Z, 302.23869, -74.293707
a18825, 1936-08-18T20:55:40.8Z, 338.828053, 3.726459
a17851, 1935-07-28T17:05:16.8Z, 274.62461, -33.488924
a03839, 1899-08-15T03:14:24Z, 319.181233, -37.361481
a10890, 1914-05-30T01:40:48Z, 161.964871, -60.087787
a06441, NA, NA, NA
a03733, 1899-07-18T03:20:09.6Z, 288.864546, 7.617721
a02821, 1897-10-13T00:57:36Z, 283.950871, -32.205994
a05002, 1901-02-02T00:33:07.2Z, 57.525572, 24.769755
a06914, 1904-09-07T02:13:55.2Z, 312.411107, 30.774525
a15273, 1931-03-26T21:10:04.8Z, 143.405178, -55.1653
a15999, 1932-04-15T18:24:28.8Z, 161.139464, -65.557661
a10516, 1911-10-15T04:48:00Z, 59.244127, -22.387835
a18382, 1936-04-03T21:01:21.1Z, 141.895162, -59.703973
a14836, NA, NA, NA
a13119, 1924-10-16T01:29:16.8Z, 323.635991, -22.201149
a17315, 1935-01-08T18:34:33.6Z, 81.635087, -69.060845
a18603, 1936-08-04T19:50:52.8Z, 256.104796, 4.944162
a02462, NA, NA, NA
a18295, 1936-02-28T21:11:31.2Z, 161.220514, -58.952733
a00322, 1894-03-07T01:12:00Z, 114.180265, 11.941774
a13077, 1924-08-29T02:22:33.6Z, 272.984565, -43.14001
a07725, 1906-06-14T05:47:02.4Z, 231.483515, -10.533782
a04317, 1900-04-21T07:35:02.4Z, 218.781919, -12.839818
a08298, 1907-05-23T03:27:21.6Z, 186.574669, -45.607896
a05509, 1901-08-04T03:47:31.2Z, 248.906758, -13.010402
a00213, 1894-02-02T08:51:21.6Z, 185.844217, 71.673515
a02916, 1897-12-02T02:55:40.8Z, 73.144484, -57.53394
a09620, 1909-08-05T07:12:00Z, 335.926616, 15.432904
a03602, NA, NA, NA
a14557, 1930-02-18T23:11:02.4Z, 121.829495, -34.546248
a17162, 1934-09-16T22:56:38.4Z, 13.535942, -72.821902
a16964, 1934-06-12T20:49:55.2Z, 205.481897, 28.506716
a03127, 1898-06-26T03:02:52.8Z, 204.64988, -48.05123
a14973, 1930-09-29T20:22:33.6Z, 361.037881, -29.451468
a04444, NA, NA, NA
a16464, 1933-05-04T17:31:12Z, 145.147906, -43.138282
a12442, 1923-06-16T06:20:09.6Z, 229.279213, 1.356376
a19833, 1937-11-11T20:33:07.9Z, 16.964863, 15.404666
a18582, NA, NA, NA
a09198, 1909-05-08T02:12:28.8Z, 150.761418, -35.411615
a18581, 1936-06-10T23:41:16.8Z, 273.599021, -26.865043
a12874, 1923-12-08T07:32:09.6Z, 116.088403, -26.417301
a14687, 1930-04-24T03:10:04.8Z, 301.098256, -59.999983
a01174, NA, NA, NA
a10120, 1910-06-08T03:44:38.4Z, 209.920986, -33.277658
a14745, 1930-05-28T19:59:31.2Z, 264.11234, -43.04697
a08664, NA, NA, NA
a18797, 1936-08-12T02:51:21.6Z, 38.715835, 23.10986
a15165, 1931-02-11T20:05:16.8Z, 126.042398, -45.281724
a13760, 1926-06-01T23:32:38.4Z, 100.164587, -45.111622
a11087, 1915-03-14T00:00:00Z, 133.219298, -55.287094
a13118, 1924-10-16T00:14:24Z, 295.865855, -30.459775
a18393, 1936-04-13T21:41:45.6Z, 215.81521, -52.010446
a05321, 1901-06-07T08:45:36Z, 314.214089, 3.237764
a12750, 1923-10-10T00:51:50.4Z, 265.043278, -53.424387
a18885, 1936-09-06T18:07:12Z, 249.853126, -44.524609
a08904, 1908-06-27T01:42:14.4Z, 263.889393, -7.505829
a01340, NA, NA, NA
a16976, 1934-06-22T02:41:16.8Z, 355.577496, -81.897069
a11743, 1918-07-09T01:20:38.4Z, 223.163836, -59.828676
a11790, 1918-08-20T02:55:38.7Z, 303.485555, -75.049779
a00033, 1893-11-23T02:26:52.8Z, 191.833313, 89.227959
a02984, 1898-05-02T23:49:55.2Z, 98.670523, -37.85952
a14571, 1930-02-21T23:57:07.2Z, 150.094295, -65.321463
a00063, 1893-12-02T06:24:28.8Z, 10.893597, 41.001022
a18818, 1936-08-17T01:14:52.8Z, 359.283161, -26.937918
a13128, 1924-10-23T02:51:21.6Z, 357.047916, -62.201452
a18403, 1936-04-14T21:27:21.6Z, 247.428833, -44.727145
a18065, 1935-10-30T01:09:39.6Z, 76.930956, 15.129696
a10586, 1912-07-17T03:00:00Z, 313.41832, -19.583961
a15879, NA, NA, NA
a09825, 1909-09-26T07:24:57.6Z, 26.12692, -19.545378
a17297, 1934-12-29T21:47:31.2Z, 81.620416, -68.835495
a10046, 1910-04-29T01:56:38.4Z, 137.605299, -49.444893
a02757, 1897-09-24T02:09:36Z, 278.984507, -17.624679
a19238, 1937-04-05T00:56:09.6Z, 226.076204, -48.639127
a03786, 1899-08-01T00:37:26.4Z, 284.421586, -36.74667
a03204, 1898-07-30T03:11:31.2Z, 324.104376, -37.250927
a13553, 1925-09-24T07:55:12Z, 112.965204, -28.901379
a02941, 1898-03-18T02:55:40.8Z, 149.265226, 24.455723
a13375, 1925-06-27T03:24:28.8Z, 190.979283, -62.327794
a07513, NA, NA, NA
a07518, 1905-11-17T02:00:57.6Z, 331.197678, -13.598786
a07249, 1905-04-06T07:58:04.8Z, 248.641301, 27.123335
a02289, 1897-05-14T04:52:19.2Z, 270.063598, -57.60368
a07920, 1906-08-01T02:11:02.4Z, 265.733595, 30.051843
a11007, 1914-08-22T00:57:36Z, 226.690372, 14.661319
a02685, 1897-09-03T00:10:04.8Z, 288.959714, -77.772806
a13054, 1924-08-05T05:11:02.4Z, 285.205707, -13.193259
a08174, NA, NA, NA
a19701, 1937-08-17T02:51:21.6Z, 71.839887, -65.563864
a00145, 1894-01-02T05:42:43.2Z, 83.598443, 20.797916
a14735, 1930-05-26T21:07:12Z, 269.245916, -36.728395
a09883, 1909-10-22T03:43:12Z, 350.774166, -4.549525
a14287, NA, NA, NA
a04406, 1900-05-27T02:13:55.2Z, 197.273827, -73.293209
a05883, 1902-05-18T01:10:33.6Z, 134.167212, 7.318795
a16025, 1932-04-30T20:38:24Z, 211.319392, -10.431972
a16871, 1934-05-07T19:19:37.2Z, 210.116078, 0.710923
a01651, 1895-09-02T05:54:14.4Z, 358.862484, 52.696545
a11254, 1915-05-31T00:13:31.5Z, 229.491697, -49.757488
a04410, 1900-05-29T06:57:36Z, 238.979107, -12.954438
a08963, 1908-07-26T08:28:19.2Z, 333.697372, -17.106634
a08827, 1908-06-10T06:38:52.8Z, 246.560026, -30.478934
a07063, 1904-11-17T02:34:04.8Z, 58.88836, 2.51185
a08086, 1906-09-11T05:18:14.4Z, 333.569525, 33.162938
a15225, 1931-03-06T00:00:00Z, 145.06267, -26.246407
a11154, 1915-04-18T00:18:43.2Z, 84.872378, -66.970622
a00073, 1893-12-04T23:21:07.2Z, 199.287378, 89.218637
a06425, NA, NA, NA
a08355, 1907-06-15T04:52:19.2Z, 270.034869, -57.570639
a03662, 1899-06-30T00:21:36Z, 239.24875, -23.183906
a05624, 1901-09-05T00:33:07.2Z, 222.763921, -22.981372
a11095, 1915-03-20T00:47:31.2Z, 357.176879, -88.753884
a08053, NA, NA, NA
a14065, 1926-10-02T23:58:33.6Z, 288.2642, 31.161025
a12215, 1922-09-30T01:40:48Z, 4.836218, -71.623672
a11971, NA, NA, NA
a05160, 1901-05-12T02:45:36Z, 158.970073, -17.954697
a18229, 1936-01-29T23:00:57.6Z, 159.63846, 17.111062
a07344, 1905-06-11T07:06:14.4Z, 336.554753, -11.670234
a09084, 1908-10-07T02:34:04.8Z, 311.29595, -29.643471
a17192, 1934-10-07T22:04:48Z, 48.46549, -82.383531
a19064, 1937-01-18T01:52:19.2Z, 184.912403, -2.943905
a07883, 1906-07-22T07:20:38.4Z, 338.92424, -54.689673
a12355, 1923-05-02T23:45:36Z, 139.13955, -64.45677
a18629, 1936-06-20T02:09:36Z, 303.4351, -77.170035
a15021, NA, NA, NA
a07603, 1906-02-01T04:29:16.8Z, 119.046831, 32.029603
a13045, 1924-07-30T01:26:24Z, 218.953647, -52.718953
a06841, 1904-08-03T02:45:36Z, 320.458936, -15.59006
a05783, NA, NA, NA
a15330, 1931-04-28T16:52:19.2Z, 149.295753, -55.063984
a07758, NA, NA, NA
a08774, 1908-05-30T04:36:28.8Z, 218.753312, -7.782427
a08593, 1908-04-09T02:55:40.8Z, 121.201892, -15.245006
a07682, 1906-05-24T01:32:09.6Z, 181.327768, 44.34933
a13118, 1924-10-16T00:14:24Z, 295.865855, -30.459775
a03599, NA, NA, NA
a19913, 1938-01-15T01:36:58.3Z, 166.446373, 14.757647
a09360, NA, NA, NA
a02144, 1896-10-18T02:38:24Z, 38.891347, -37.107786
a08257, 1907-05-04T02:39:50.4Z, 179.096142, 0.107284
a13564, 1925-09-26T09:28:31.6Z, 113.908935, -26.073313
a13723, 1926-05-19T00:30:14.4Z, 117.006784, -24.981839
a16986, 1934-07-02T19:58:04.8Z, 308.718521, -12.770339
a03424, 1898-12-09T04:23:31.2Z, 83.738466, -5.257017
a17382, 1935-02-15T02:32:38.4Z, 229.689245, -3.608753
a18731, NA, NA, NA
a15459, 1931-06-16T23:54:14.4Z, 260.231362, -25.217545
a17790, 1935-07-05T00:25:55.2Z, 331.088767, 15.42074
a13927, 1926-07-30T23:55:40.8Z, 190.506491, -0.512841
a08515, 1907-10-05T01:20:38.4Z, 316.216133, 30.411418
a16142, 1932-07-11T18:20:09.6Z, 250.371474, -47.432155
a11566, 1916-09-21T08:16:48Z, 56.745642, 23.721869
a15497, 1931-06-24T00:00:00Z, 258.815114, -26.190797
a04213, 1900-02-22T03:57:36Z, 108.41973, -42.637522
a09383, NA, NA, NA
a13130, 1924-10-24T00:28:48Z, 285.210075, -13.207821
a12220, NA, NA, NA
a11378, 1915-09-10T02:49:55.2Z, 301.90713, -44.826543
a12488, 1923-07-04T07:20:38.4Z, 13.815606, -72.847797
a00638, NA, NA, NA
a04971, NA, NA, NA
a06193, NA, NA, NA
a13114, 1924-10-08T08:58:33.6Z, 123.417575, -34.704731
a08803, 1908-06-07T23:58:33.6Z, 123.640822, 17.378522
a11276, 1915-06-19T04:03:21.6Z, 212.517593, -28.991143
a10154, 1910-07-01T06:25:55.2Z, 290.107248, -36.658616
a12007, 1922-06-01T00:56:09.6Z, 186.038733, -65.151929
a04983, 1901-01-31T02:23:43.9Z, 49.433874, -22.259527
a02962, 1898-04-12T04:17:45.6Z, 155.819873, -63.42713
a12609, 1923-08-19T03:43:12Z, 285.053891, -36.439978
a19283, 1937-04-20T21:17:16.8Z, 191.277349, -62.332519
a07925, 1906-08-07T03:30:14.4Z, 261.531107, -20.364987
a15786, 1931-10-03T02:24:00Z, 83.331291, -9.191507
a08305, 1907-05-24T01:56:38.4Z, 161.047783, -10.693922
a17152, 1934-09-14T03:02:52.8Z, 76.21983, -66.657435
a03126, NA, NA, NA
a12686, 1923-09-15T04:42:14.4Z, 325.347915, -22.846436
a01075, 1894-10-16T02:09:36Z, 297.670809, 62.571261
a02095, NA, NA, NA
a13951, 1926-08-05T02:55:40.8Z, 270.774968, -3.141107
a04322, 1900-04-22T07:53:45.6Z, 228.517827, 22.378191
a12272, NA, NA, NA
a07087, 1904-11-18T04:37:55.2Z, 83.97217, 12.467244
a17519, 1935-04-25T19:29:16.8Z, 184.257031, 12.210105
a11724, 1918-06-11T03:43:12Z, 222.3027, -59.508466
a14926, 1930-09-01T17:13:55.2Z, 335.692669, -22.607787
a09263, 1909-05-21T00:41:45.6Z, 148.426776, 12.075994
a15087, 1930-12-24T22:43:40.8Z, 74.412002, -65.032875
a17441, 1935-06-25T02:16:48Z, 169.511955, -12.89571
a09965, 1909-11-06T06:25:55.2Z, 51.755271, -4.890686
a03180, 1898-07-20T04:04:48Z, 279.926538, -52.730868
a02059, NA, NA, NA
a00240, 1894-02-17T01:19:12Z, 83.81958, -0.230437
a15089, 1930-12-25T01:26:24Z, 133.555181, -22.543092
a10796, 1913-09-23T09:18:43.2Z, 12.701707, -72.737784
a01361, NA, NA, NA
a11576, 1916-09-29T08:08:09.6Z, 75.573434, -70.845941
a19202, 1937-03-22T03:07:12Z, 215.907147, -51.729345
a18580, 1936-06-10T23:00:57.6Z, 283.366391, -4.968665
a08957, 1908-07-23T05:34:04.8Z, 294.619129, 0.16744
a13090, 1924-09-21T02:12:28.8Z, 295.831746, -30.410215
a09227, NA, NA, NA
a19013, 1936-12-01T21:40:19.2Z, 93.140711, 4.36504
a14941, 1930-09-16T02:57:07.2Z, 77.923874, -42.207753
a02584, 1897-07-28T00:00:00Z, 241.1831, -88.506359
a18431, 1936-04-19T17:21:07.2Z, 176.255101, -32.422812
a13308, NA, NA, NA
a02897, NA, NA, NA
a01725, 1895-09-25T01:23:31.2Z, 283.231542, 52.246708
a13670, 1926-05-08T00:38:52.8Z, 116.542703, -25.443958
a12263, NA, NA, NA
a19214, 1937-03-31T17:19:44.5Z, 105.910521, 14.801601
a09716, 1909-08-25T00:21:36Z, 240.940574, 9.59222
a14062, 1926-10-02T02:47:02.4Z, 325.031762, -23.291666
a02392, 1897-06-03T03:31:40.8Z, 197.009182, -78.102931
a16628, 1933-10-09T21:18:43.2Z, 328.803026, -11.920266
a06595, 1903-10-10T00:33:07.2Z, 273.229575, -23.053016
a05730, NA, NA, NA
a14301, 1929-10-27T22:32:09.6Z, 63.02499, -52.292902
a04486, NA, NA, NA
a01324, 1895-02-27T01:55:12Z, 74.607406, 57.291259
a10204, 1910-07-28T03:30:14.4Z, 261.453326, -26.982725
a06593, 1903-10-09T04:00:28.8Z, 14.095681, 32.713475
a18089, 1935-11-11T18:17:32.1Z, 346.390379, 15.614535
a16361, 1933-02-22T01:20:38.4Z, 174.349431, -32.916136
a00025, 1893-11-21T02:58:33.6Z, 182.501083, 89.472928
a04988, 1901-01-31T04:00:28.8Z, 74.624203, -27.466841
a06818, 1904-07-23T08:06:43.2Z, 4.093593, 13.001568
a05324, 1901-06-07T09:34:33.6Z, 358.971473, 3.334548
a04057, 1899-10-15T00:57:36Z, 284.422531, -32.789547
a00379, 1894-03-17T04:23:31.2Z, 174.177334, 21.44619
a07224, 1905-03-14T02:38:24Z, 108.914819, 32.235882
a08092, 1906-09-13T07:32:09.6Z, 358.854087, -27.363445
a08077, 1906-09-06T05:48:28.8Z, 326.228304, -14.779379
a04349, NA, NA, NA
a04639, NA, NA, NA
a16334, 1933-01-17T19:56:38.4Z, 93.350179, -37.678126
a08853, 1908-06-17T08:03:50.4Z, 271.090366, -45.094101
a17426, 1935-03-21T20:45:38.3Z, 160.256382, -46.260077
a05085, 1901-03-31T03:57:36Z, 139.060033, -13.270412
a07416, 1905-07-27T08:02:24Z, 302.767607, 2.120354
a19637, 1937-08-03T19:32:09.6Z, 246.0513, -4.483147
a15983, 1932-04-09T20:06:43.2Z, 170.879067, 19.280992
a07018, 1904-11-05T02:35:31.2Z, 333.969609, -11.828916
a10583, 1912-07-12T01:58:04.8Z, 299.702862, -19.882757
a01948, 1896-07-22T02:12:28.8Z, 208.787742, -18.009145
a00946, 1894-10-02T03:36:00Z, 358.669557, 7.56922
a06911, NA, NA, NA
a06843, 1904-08-05T00:24:28.8Z, 219.060951, 2.043277
a05893, 1902-05-18T04:17:45.6Z, 247.823391, -66.245546
a09590, 1909-07-27T01:35:02.4Z, 250.727077, 24.668791
a03487, 1899-04-22T02:31:12Z, 186.667681, -73.53854
a03993, 1899-09-29T04:58:04.8Z, 15.793061, -71.015756
a14208, 1929-08-30T18:24:28.8Z, 279.006092, -72.685594
a11112, 1915-03-25T00:00:00Z, 132.743288, -55.585463
a01236, NA, NA, NA
a06719, 1904-05-10T01:45:07.2Z, 188.928693, 16.944222
a06665, 1904-04-17T00:59:02.4Z, 114.240126, 22.212661
a06211, NA, NA, NA
a00816, 1894-08-19T01:17:45.6Z, 263.274517, 41.767454
a16324, 1933-01-03T23:34:04.8Z, 95.459876, -62.329382
a02593, 1897-08-03T00:04:19.2Z, 198.749955, -53.411191
a03754, 1899-07-20T01:35:02.4Z, 238.44717, 32.077941
a11918, 1922-04-20T03:11:31.2Z, 154.460682, -46.191965
a18080, 1935-11-10T17:53:32.6Z, 346.67205, 16.813761
a10696, 1913-06-05T02:34:04.8Z, 211.289414, -31.369822
a04143, NA, NA, NA
a14262, 1929-10-05T18:59:02.4Z, 349.945407, 7.667027
a17414, NA, NA, NA
a04244, 1900-03-22T06:25:55.2Z, 174.8368, 11.943957
a11529, 1916-08-08T02:27:07.6Z, 261.967309, -44.992093
a15987, 1932-04-12T01:14:52.8Z, 248.981019, -86.146309
a00101, NA, NA, NA
a14698, 1930-04-27T18:18:43.2Z, 253.772553, -90
a10396, 1911-05-02T01:40:48Z, 144.430399, -8.088804
a16136, 1932-07-05T23:16:48Z, 286.595591, -54.899992
a03360, 1898-10-25T00:40:19.2Z, 294.083091, -27.300108
a13617, 1925-11-17T05:28:19.2Z, 113.903896, -26.071001
a02665, 1897-08-25T03:46:04.8Z, 298.58236, 22.782007
a18333, 1936-03-13T20:28:14.2Z, 137.367231, 14.286661
a18265, 1936-02-13T23:36:03.4Z, 218.176366, -30.158982
a07431, 1905-08-09T06:47:31.2Z, 23.713984, 7.923125
a13184, 1925-04-16T01:39:21.6Z, 114.703939, -25.113897
a14377, NA, NA, NA
a12753, 1923-10-10T02:52:48Z, 295.495655, -30.837258
a15315, 1931-04-25T00:00:00Z, 154.428676, -23.231733
a13169, 1925-03-31T02:57:07.2Z, 122.506531, -23.841052
a19387, 1937-05-19T01:58:04.8Z, 318.160007, -9.806463
a08939, 1908-07-08T06:17:16.8Z, 256.406348, -25.286437
a11783, NA, NA, NA
a13258, 1925-05-23T23:24:00Z, 113.695751, -27.667138
a06046, 1902-08-01T04:03:21.6Z, 283.615574, 17.733748
a18941, 1936-09-22T23:16:48Z, 19.080267, 22.835933
a06631, 1904-03-27T03:37:26.4Z, 123.950134, -7.888556
a14484, 1930-01-20T18:59:02.4Z, 360.684411, -29.265254
a06473, NA, NA, NA
a05764, 1902-02-07T03:25:55.2Z, 89.301336, -77.769271
a11306, 1915-07-20T01:49:07.9Z, 236.469269, -55.463992
a12511, 1923-07-11T03:27:21.6Z, 262.370046, -25.9211
a14221, 1929-09-08T02:57:07.2Z, 43.605106, -32.177449
a05349, 1901-06-12T02:58:33.6Z, 175.882297, -68.422216
a04486, NA, NA, NA
a00250, 1894-02-17T03:47:31.2Z, 123.784908, 11.925928
a06727, 1904-05-13T08:31:12Z, 325.035032, -14.69259
a04688, 1900-09-06T08:06:43.2Z, 353.596387, 8.069566
a08505, 1907-09-18T01:35:02.4Z, 266.333746, 4.979039
a03735, 1899-07-18T04:00:28.8Z, 313.94624, 7.83128
a02655, 1897-08-19T02:34:04.8Z, 248.765547, -37.716749
a17285, 1934-12-28T00:46:04.8Z, 83.350092, -69.377055
a00237, NA, NA, NA
a07122, 1904-12-08T03:53:16.8Z, 65.592579, -57.426704
a06330, 1903-04-16T02:16:48Z, 201.691, -47.252048
a17989, 1935-09-19T17:55:40.8Z, 351.325182, -64.828531
a01706, 1895-09-21T02:08:09.6Z, 288.360967, 37.533658
a07154, 1905-01-14T01:01:55.2Z, 64.106069, 27.874662
a04854, NA, NA, NA
a12728, 1923-10-05T01:49:26.4Z, 287.18745, -60.348066
a15783, 1931-10-02T23:38:24Z, 44.343151, -23.931287
a09000, 1908-08-05T02:29:45.6Z, 249.539004, -55.340588
a16959, 1934-06-11T00:27:21.6Z, 270.196869, -67.336305
a12885, 1924-04-01T04:01:55.2Z, 191.374993, -62.489969
a01354, NA, NA, NA
a06240, 1902-11-19T04:26:24Z, 38.678702, -2.164101
a12615, 1923-08-29T23:57:07.2Z, 195.236926, -71.110933
a06630, 1904-03-27T03:23:02.4Z, 111.247856, -4.669243
a10598, 1912-08-17T00:28:48Z, 297.066251, -18.300757
a13580, 1925-10-10T00:41:45.6Z, 265.834324, -26.224924
a07232, 1905-03-28T06:18:43.2Z, 168.808975, 2.221469
a18545, 1936-05-28T21:20:09.6Z, 215.714807, -51.833651
a03961, 1899-09-15T00:24:28.8Z, 244.517281, -27.976756
a10941, 1914-06-14T02:02:24Z, 181.648633, -45.640078
a17621, 1935-06-08T03:37:26.4Z, 268.124127, -9.180028
a16658, 1933-10-29T17:28:19.2Z, 11.000678, -77.778516
a18124, 1935-11-27T18:06:29Z, 328.835242, -89.595829
a02642, 1897-08-15T01:45:07.2Z, 233.883283, -47.99149
a00218, 1894-02-03T03:31:40.8Z, 83.052656, 30.133843
a15419, 1931-06-09T00:11:31.2Z, 301.76498, -64.96739
a12862, NA, NA, NA
a08630, 1908-04-12T01:33:36Z, 141.371123, -50.394118
a01829, 1896-06-07T07:27:50.4Z, 229.119413, 2.21937
a02043, NA, NA, NA
a06302, 1903-02-19T02:39:50.4Z, 154.369005, -23.187721
a14700, 1930-04-28T21:00:00Z, 203.089833, -37.979226
a00086, 1893-12-11T23:50:22.7Z, 13.878074, -4.509691
a03616, NA, NA, NA
a12024, 1922-06-14T01:27:50.4Z, 206.208749, 27.737407
a04103, NA, NA, NA
a04343, 1900-05-02T06:20:09.6Z, 214.178539, -43.352485
a00094, NA, NA, NA
a17512, 1935-04-19T02:55:14Z, 263.51716, -29.853015
a14138, 1929-08-09T17:48:28.8Z, 212.634353, 19.457624
a06998, 1904-10-13T04:00:28.8Z, 4.274652, 28.178772
a01224, 1894-12-23T03:17:16.8Z, 73.818329, 17.208786
a14865, 1930-07-29T22:16:19.2Z, 273.505511, -29.713109
a00041, 1893-11-26T01:50:52.8Z, 54.721555, 17.699915
a17167, 1934-09-18T01:00:28.8Z, 68.854569, -71.422933
a12087, 1922-07-17T01:49:26.4Z, 272.688009, -30.911664
a19702, 1937-08-18T02:08:09.6Z, 58.138927, -66.150425
a15672, 1931-08-17T03:08:38.4Z, 82.604389, -68.880477
a11571, 1916-09-22T08:57:07.2Z, 56.747925, 24.479225
a06155, 1902-09-14T02:09:36Z, 338.71231, 17.959641
a15074, 1930-12-17T20:57:07.2Z, 12.729656, -72.609099
a01977, 1896-08-06T01:55:12Z, 254.644972, -62.767043
a01231, 1894-12-24T00:33:07.2Z, 8.316131, 12.644497
a14339, 1929-11-10T18:14:24Z, 18.855987, -37.166502
a09709, 1909-08-24T05:32:38.4Z, 321.220652, -24.850869
a05674, 1901-10-01T02:52:48Z, 314.274208, -17.355961
a01834, 1896-06-12T00:14:24Z, 203.237345, 46.958081
a14348, 1929-11-11T00:37:26.4Z, 85.374465, -67.689378
a04767, 1900-09-30T08:41:16.8Z, 58.35628, -62.508299
a01034, 1894-10-12T01:36:28.8Z, 199.119316, 76.340822
a18443, 1936-04-26T17:24:00Z, 179.069036, 1.976163
a09332, NA, NA, NA
a07524, 1905-11-18T05:47:02.4Z, 83.728812, 17.223769
a05029, 1901-02-27T04:00:28.8Z, 115.334592, -67.85531
a18574, 1936-06-09T02:50:11.1Z, 315.941697, 15.657101
a18704, 1936-07-22T01:48:00Z, 36.111625, -24.764572
a11304, NA, NA, NA
a05385, 1901-06-21T08:31:12Z, 328.554723, 32.836866
a02815, 1897-10-07T02:22:33.6Z, 317.941359, -77.18736
a08462, 1907-08-20T03:37:26.4Z, 296.004626, 25.208042
a02303, NA, NA, NA
a15605, 1931-08-10T00:14:24Z, 271.382194, -33.210286
a08428, NA, NA, NA
a14790, NA, NA, NA
a12391, 1923-05-27T03:00:00Z, 264.285973, -54.310507
a04838, 1900-10-30T02:34:04.8Z, 33.90008, -32.43899
a07691, 1906-05-25T04:10:33.6Z, 221.868661, -45.651741
a07143, 1905-01-13T03:07:12Z, 98.993368, 27.355408
a14899, 1930-08-23T21:02:52.8Z, 289.28839, -17.276224
a15903, 1932-01-19T00:28:48Z, 178.65183, -20.438338
a03229, 1898-08-17T04:09:07.2Z, 279.717095, -42.410403
a18288, 1936-02-25T21:12:57.6Z, 149.124304, 2.02946
a11011, 1914-08-22T02:05:16.8Z, 225.614426, -60.891318
a06526, 1903-09-02T06:48:57.6Z, 8.857152, 2.921598
a18686, 1936-07-15T18:24:28.8Z, 255.905509, 9.71156
a02665, 1897-08-25T03:46:04.8Z, 298.58236, 22.782007
a02467, NA, NA, NA
a04194, 1899-12-12T03:28:48Z, 78.486647, -52.649242
a12359, 1923-05-05T00:30:14.4Z, 138.493588, -64.551575
a00048, 1893-11-27T03:01:26.4Z, 57.028489, 23.844819
a18967, 1936-10-13T23:15:21.6Z, 11.066072, -39.592135
a14572, 1930-02-22T01:20:38.4Z, 150.037205, -70.244756
a09276, NA, NA, NA
a09145, 1909-04-08T06:46:04.8Z, 206.572733, -50.557842
a15043, 1930-11-28T18:02:52.8Z, 24.803883, -13.762697
a10256, 1910-09-04T06:11:31.2Z, 25.08374, -44.959799
a04228, 1900-03-03T09:30:14.4Z, 199.781165, -33.076027
a06774, NA, NA, NA
a01840, 1896-06-14T03:54:43.2Z, 205.362813, 26.549622
a05252, 1901-05-29T03:57:36Z, 223.396917, 42.281408
a13815, 1926-06-13T00:24:28.8Z, 181.703751, -75.858904
a17212, 1934-10-17T23:08:09.6Z, 76.033792, -70.453797
a08426, NA, NA, NA
a13740, 1926-05-22T01:06:14.4Z, 122.868309, -37.064315
a05944, 1902-06-14T02:51:21.6Z, 235.409944, -52.839936
a10617, 1912-10-09T00:37:26.4Z, 14.397881, -72.950736
a05942, 1902-06-14T01:50:52.8Z, 230.754935, 57.179232
a02210, NA, NA, NA
a10748, 1913-07-08T02:44:09.6Z, 205.666994, -26.328271
a03408, 1898-11-22T00:46:04.8Z, 18.741501, -52.208808
a11430, 1915-11-10T06:57:46.5Z, 61.896963, -45.401345
a05035, NA, NA, NA
a18838, 1936-08-20T23:18:14.4Z, 283.42599, -9.301691
a16240, 1932-09-21T18:40:19.2Z, 289.312452, -57.814653
a09976, 1909-11-07T07:45:07.2Z, 71.581167, -10.181563
a17251, 1934-11-14T18:08:38.4Z, 13.387883, -72.632098
a12924, 1924-05-03T08:45:36Z, 262.431986, -67.070468
a01924, 1896-07-19T02:03:50.4Z, 234.150848, -42.762198
a10962, 1914-06-25T02:08:09.6Z, 201.315187, -47.908127
a19738, 1937-09-02T23:36:57.6Z, 18.724862, 1.338631
a12327, NA, NA, NA
a01459, 1895-05-17T07:04:48Z, 245.012644, 81.800375
a08905, 1908-06-27T08:47:02.4Z, 358.759486, -2.023339
a00669, 1894-06-14T04:13:26.4Z, 282.503529, 27.147897
a19587, 1937-07-16T23:31:12Z, 283.591285, -9.11481
a15902, 1932-01-17T21:28:48Z, 113.92028, -32.877385
a13324, 1925-06-13T01:16:19.2Z, 130.451751, -55.191276
a06731, 1904-05-19T05:03:50.4Z, 253.734955, 17.460321
a16847, 1934-05-01T16:58:09.8Z, 148.852643, -8.119477
a08242, 1907-04-19T00:38:52.8Z, 181.452311, 14.288924
a18106, 1935-11-17T20:09:04.4Z, 16.555104, 15.339824
a16030, 1932-05-02T18:18:43.2Z, 186.260276, -30.409684
a00438, 1894-03-27T03:38:52.8Z, 183.495056, 11.651978
a14037, 1926-09-09T01:58:04.8Z, 270.401579, -23.041379
a12191, 1922-09-18T01:35:02.4Z, 317.29399, -72.432396
a11181, 1915-04-26T07:06:14.4Z, 221.325683, -44.938006
a17421, 1935-03-17T18:12:49.5Z, 114.831274, -45.142838
a10365, 1911-04-10T08:51:21.6Z, 270.25481, -27.759827
a04130, 1899-11-10T03:54:43.2Z, 73.748285, -27.859403
a06497, NA, NA, NA
a16560, 1933-08-26T00:53:16.8Z, 82.848933, -64.045891
a17019, 1934-07-17T18:56:09.6Z, 289.274029, -8.955588
a06558, 1903-09-10T09:15:50.4Z, 64.068721, 27.943441
a08972, 1908-07-29T07:01:55.2Z, 11.389232, 2.315185
a13672, 1926-05-08T01:58:04.8Z, 122.632997, -36.881854
a15910, NA, NA, NA
a19582, 1937-07-16T19:01:55.2Z, 258.75277, -49.423037
a02411, 1897-06-04T04:42:14.4Z, 284.918716, -62.694736
a19286, 1937-04-20T23:22:33.6Z, 241.754034, -60.876518
a18156, 1935-12-17T23:47:41.8Z, 105.705954, 15.540561
a01638, 1895-09-02T03:15:50.4Z, 328.622545, 42.557157
a17353, 1935-02-07T23:02:24Z, 164.852875, -18.146979
a10269, 1910-09-09T06:11:31.2Z, 22.056013, -59.772301
a14612, 1930-03-19T20:45:36Z, 145.626053, -25.13296
a00865, 1894-09-14T00:30:14.4Z, 258.279728, 36.964694
a17728, 1935-06-23T17:09:36Z, 155.668032, -60.96617
a14002, 1926-09-01T02:15:21.6Z, 249.857812, -44.763589
a02557, 1897-07-21T01:32:09.6Z, 206.884387, -68.158231
a00233, NA, NA, NA
a14387, 1929-12-04T18:28:48Z, 343.884779, -49.131925
a12123, 1922-08-08T23:49:55.2Z, 274.416946, -30.607907
a18912, 1936-09-17T22:55:12Z, 20.87494, -49.833818
a03856, 1899-08-18T01:01:55.2Z, 254.019228, -2.602226
a16329, 1933-01-05T18:53:16.8Z, 15.312807, -14.843265
a15646, 1931-08-13T20:23:09.8Z, 271.603628, -38.828304
a01602, 1895-08-26T02:54:14.4Z, 297.50356, 62.599916
a03027, 1898-05-27T00:18:43.2Z, 145.555628, -68.325552
a08393, 1907-07-18T02:44:09.6Z, 241.770131, -40.220634
a10929, 1914-06-03T02:49:55.2Z, 173.623433, -60.965362
a16883, 1934-05-09T21:01:57.3Z, 239.345348, -17.7938
a00204, 1894-02-01T01:36:28.8Z, 34.171114, 56.763759
a05131, 1901-04-23T23:58:33.6Z, 129.415303, -0.924052
a02298, 1897-05-23T01:24:57.6Z, 148.659578, -38.271202
a10331, 1910-10-31T06:44:38.4Z, 59.108617, -32.501932
a01773, 1896-05-13T23:44:09.6Z, 205.705046, 28.433069
a17934, 1935-08-22T17:06:43.2Z, 277.296489, -23.250026
a05677, 1901-10-01T03:44:38.4Z, 314.202184, -32.507457
a04876, 1900-11-17T02:38:24Z, 26.739258, 53.574479
a10805, 1913-10-01T01:16:19.2Z, 12.245842, -73.065503
a00962, 1894-10-06T02:42:43.2Z, 303.468421, 12.05917
a10700, 1913-06-05T07:13:26.4Z, 258.315949, -15.233041
a07771, 1906-07-01T00:50:24Z, 219.29083, -55.619706
a12965, 1924-05-29T03:41:45.6Z, 261.871772, -67.62671
a14969, 1930-09-29T17:18:14.4Z, 300.377893, -8.50421
a19160, 1937-03-09T00:31:40.8Z, 228.917311, -47.815708
